dropoff_latitude,dropoff_longitude,fare_amount,Miles,passenger_count,pickup_datetime,pickup_latitude,pickup_longitude,RandomValue,Weekday,x
-881.985513,1153.572603,48.3,5.366666667,1,2011-05-18 00:00:00,1292.016128,57.418457,3,Wednesday,23566642
-74.01575,40.715187,18.5,6.166666667,1,2013-05-24 00:00:00,-73.954587,40.771512,1,Friday,3149589
-74.009857,40.726152,20,3.333333333,6,2013-05-26 00:00:00,-73.993383,40.743327,2,Sunday,53725281
-74.009465,40.723562,11,1.833333333,3,2013-05-21 00:00:00,-74.007613,40.735635,2,Tuesday,44456934
-74.009385,40.715327,37.5,4.166666667,1,2013-05-20 00:00:00,-73.983505,40.759662,3,Monday,39578415
-74.008745,40.7161,156,17.33333333,1,2013-05-24 00:00:00,-73.781745,40.64481,3,Friday,21028373
-74.006547,40.73121,7,2.333333333,1,2013-05-23 00:00:00,-74.00722,40.718327,1,Thursday,21015691
-74.006453,40.716692,4.5,1.5,1,2013-05-25 00:00:00,-74.009122,40.709165,1,Saturday,27726846
-74.006173,40.733197,69,7.666666667,1,2013-05-24 00:00:00,-73.955597,40.77533,3,Friday,14740971
-74.004602,40.741997,8,2.666666667,1,2013-05-25 00:00:00,-73.98593,40.760115,1,Saturday,22050495
-74.003933,40.738277,25.5,2.833333333,5,2013-05-22 00:00:00,-73.99364,40.72729,3,Wednesday,28137484
-74.003887,40.737402,13,2.166666667,2,2013-05-25 00:00:00,-74.00511,40.720367,2,Saturday,582737
-74.002802,40.715947,18,3,3,2013-05-22 00:00:00,-74.000322,40.727077,2,Wednesday,20456312
-74.00206,40.750727,10,1.666666667,1,2013-05-26 00:00:00,-74.000467,40.742502,2,Sunday,14999537
-74.00155,40.740407,12,1.333333333,1,2013-05-22 00:00:00,-73.994265,40.74035,3,Wednesday,11035702
-73.999748,40.75895,33,3.666666667,5,2013-05-24 00:00:00,-73.979885,40.763475,3,Friday,3895921
-73.998797,40.723537,10.5,1.166666667,1,2013-05-25 00:00:00,-73.993873,40.728495,3,Saturday,54743126
-73.99607,40.738745,34,5.666666667,1,2013-05-21 00:00:00,-74.007197,40.705075,2,Tuesday,25467636
-73.995682,40.669862,48,8,1,2013-05-26 00:00:00,-73.980998,40.729565,2,Sunday,21422078
-73.994895,40.761637,9.5,3.166666667,2,2013-05-24 00:00:00,-73.985242,40.781825,1,Friday,31464133
-73.99437,40.726197,21,3.5,2,2013-05-23 00:00:00,-74.009697,40.714897,2,Thursday,45851743
-73.99215,40.749942,14,4.666666667,1,2013-05-24 00:00:00,-73.977398,40.787205,1,Friday,43136669
-73.991765,40.755765,64.66,10.77666667,1,2013-05-25 00:00:00,-73.87088,40.773682,2,Saturday,44941504
-73.991197,40.74892,22.5,2.5,3,2013-05-22 00:00:00,-73.98503,40.742002,3,Wednesday,24170346
-73.988702,40.77416,36,4,1,2013-05-21 00:00:00,-73.969465,40.753272,3,Tuesday,3398362
-73.98665,40.728207,18,2,1,2013-05-26 00:00:00,-74.001407,40.731167,3,Sunday,29983354
-73.981972,40.762627,57.33,19.11,1,2013-05-19 00:00:00,-73.786228,40.643332,1,Sunday,4148119
-73.981807,40.756297,85.66,14.27666667,6,2013-05-23 00:00:00,-73.8635,40.769745,2,Thursday,6934903
-73.981807,40.764505,36,6,5,2013-05-24 00:00:00,-73.948045,40.78992,2,Friday,36169123
-73.97821,40.755835,84.66,14.11,6,2013-05-24 00:00:00,-73.875495,40.771465,2,Friday,6364125
-73.977987,40.757887,29,4.833333333,6,2013-05-22 00:00:00,-73.960672,40.78149,2,Wednesday,50423039
-73.97782,40.764562,38,6.333333333,1,2013-05-23 00:00:00,-73.99852,40.745105,2,Thursday,51877757
-73.974365,40.751177,13,4.333333333,2,2013-05-24 00:00:00,-73.979387,40.73291,1,Friday,26724744
-73.969562,40.756635,25,8.333333333,1,2013-05-24 00:00:00,-74.015515,40.70889,1,Friday,20461055
-73.96879,40.674235,73,12.16666667,1,2013-05-25 00:00:00,-73.871045,40.773712,2,Saturday,31501625
-73.966272,40.773865,82.5,9.166666667,2,2013-05-23 00:00:00,-74.014323,40.704507,3,Thursday,15125218
-73.964117,40.719157,76.5,8.5,1,2013-05-19 00:00:00,-73.885757,40.77314,3,Sunday,27668776
-73.962165,40.773677,2.5,0.833333333,5,2013-05-24 00:00:00,-73.96243,40.774042,1,Friday,13657904
-73.960097,40.758205,49.5,5.5,1,2013-05-24 00:00:00,-73.9817,40.732527,3,Friday,43097687
-73.958242,40.760592,33.33,11.11,1,2013-05-23 00:00:00,-73.86538,40.771407,1,Thursday,3987228
-73.945852,40.816252,58,9.666666667,1,2013-05-24 00:00:00,-74.010777,40.710182,2,Friday,8570555
-73.93777,40.796987,39,6.5,6,2013-05-25 00:00:00,-73.994013,40.731562,2,Saturday,13409341
-73.93001,40.831932,23,3.833333333,1,2013-05-25 00:00:00,-73.93669,40.799047,2,Saturday,1286192
-73.896347,40.64677,42.5,14.16666667,2,2013-05-26 00:00:00,-73.987865,40.75572,1,Sunday,50922184
-0.563333,0,12.2,2.033333333,1,2010-08-11 00:00:00,40.739263,-73.991332,2,Wednesday,38849731
-0.002265,-0.006992,12.9,4.3,1,2010-12-23 00:00:00,0.00177,0.005028,1,Thursday,13701540
,,48.2,8.033333333,0,2013-07-02 00:00:00,40.779692,-73.950581,2,Tuesday,32736015
0,0,4.6,1.533333333,1,2009-01-24 00:00:00,0,0,1,Saturday,12025238
0,0,5.4,1.8,1,2009-04-03 00:00:00,0,0,1,Friday,42958379
0,0,5.8,0.966666667,1,2010-05-11 00:00:00,0,0,2,Tuesday,19290370
0,0,5.9,1.966666667,1,2009-01-28 00:00:00,0,0,1,Wednesday,20826194
0,0,6.6,1.1,1,2011-06-26 00:00:00,0,0,2,Sunday,5396278
0,0,7.1,2.366666667,1,2009-04-01 00:00:00,0,0,1,Wednesday,41329865
0,0,7.7,2.566666667,1,2011-08-06 00:00:00,0,0,1,Saturday,305109
0,0,7.8,1.3,1,2009-02-19 00:00:00,0,0,2,Thursday,12131029
0,0,8.2,1.366666667,1,2009-12-17 00:00:00,0,0,2,Thursday,129790
0,0,8.4,1.4,4,2009-02-28 00:00:00,0,0,2,Saturday,54203662
0,0,8.9,2.966666667,1,2012-03-31 00:00:00,0,0,1,Saturday,320546
0,0,9,1,1,2012-10-13 00:00:00,0,0,3,Saturday,18059398
0,0,9.7,3.233333333,1,2011-12-13 00:00:00,0,0,1,Tuesday,1412744
0,0,9.8,1.633333333,1,2011-02-01 00:00:00,0,0,2,Tuesday,102673
0,0,9.8,3.266666667,0,2011-04-24 00:00:00,0,0,1,Sunday,24036594
0,0,10.2,1.7,1,2009-02-20 00:00:00,0,0,2,Friday,18160032
0,0,11.1,1.233333333,0,2010-12-23 00:00:00,0,0,3,Thursday,31250049
0,0,11.1,3.7,1,2009-01-14 00:00:00,0,0,1,Wednesday,36151687
0,0,12.1,4.033333333,1,2010-12-25 00:00:00,0,0,1,Saturday,4952720
0,0,13.07,4.356666667,1,2010-08-20 00:00:00,0,0,1,Friday,38647501
0,0,13.8,2.3,0,2012-03-07 00:00:00,0,0,2,Wednesday,24838729
0,0,14.8,2.466666667,1,2009-01-16 00:00:00,0,0,2,Friday,13399505
0,0,15,5,1,2015-03-02 00:00:00,0,0,1,Monday,12302997
0,0,15.3,5.1,1,2011-03-30 00:00:00,0,0,1,Wednesday,2486914
0,0,15.9,1.766666667,1,2012-02-27 00:00:00,0,0,3,Monday,1545365
0,0,16.2,2.7,1,2010-04-16 00:00:00,0,0,2,Friday,700625
0,0,16.4,2.733333333,1,2009-02-22 00:00:00,0,0,2,Sunday,25778681
0,0,17.1,1.9,1,2011-10-25 00:00:00,0,0,3,Tuesday,205088
0,0,17.4,1.933333333,1,2009-02-09 00:00:00,0,0,3,Monday,14627135
0,0,17.7,5.9,1,2010-08-10 00:00:00,0,0,1,Tuesday,19466196
0,0,18.1,6.033333333,1,2011-07-11 00:00:00,0,0,1,Monday,12706132
0,0,18.6,2.066666667,2,2009-04-12 00:00:00,0,0,3,Sunday,29734829
0,0,18.6,3.1,0,2012-01-07 00:00:00,0,0,2,Saturday,1105545
0,0,18.8,3.133333333,1,2009-02-05 00:00:00,0,0,2,Thursday,23268148
0,0,18.9,2.1,1,2009-03-11 00:00:00,0,0,3,Wednesday,46855510
0,0,19.8,3.3,3,2009-02-06 00:00:00,0,0,2,Friday,48566512
0,0,20.2,3.366666667,1,2012-05-23 00:00:00,0,0,2,Wednesday,2206493
0,0,20.5,6.833333333,1,2009-11-19 00:00:00,0,0,1,Thursday,10999628
0,0,21,7,1,2014-12-10 00:00:00,0,0,1,Wednesday,8176212
0,0,21.5,7.166666667,1,2014-08-06 00:00:00,0,0,1,Wednesday,2727888
0,0,21.8,3.633333333,1,2010-10-06 00:00:00,0,0,2,Wednesday,236346
0,0,21.9,2.433333333,0,2011-12-10 00:00:00,0,0,3,Saturday,49116579
0,0,22,7.333333333,1,2014-01-17 00:00:00,0,0,1,Friday,20367168
0,0,22.1,7.366666667,1,2011-01-21 00:00:00,0,0,1,Friday,22329299
0,0,22.5,7.5,1,2011-07-18 00:00:00,0,0,1,Monday,19085696
0,0,22.9,7.633333333,2,2009-06-03 00:00:00,0,0,1,Wednesday,37729994
0,0,23.4,2.6,1,2009-02-10 00:00:00,0,0,3,Tuesday,2975662
0,0,23.6,3.933333333,1,2009-03-04 00:00:00,0,0,2,Wednesday,42226639
0,0,23.95,7.983333333,1,2014-10-24 00:00:00,0,0,1,Friday,9604393
0,0,24.2,8.066666667,1,2009-01-25 00:00:00,0,0,1,Sunday,54623196
0,0,24.5,8.166666667,1,2014-08-06 00:00:00,0,0,1,Wednesday,1459303
0,0,24.6,4.1,1,2009-02-04 00:00:00,0,0,2,Wednesday,12257439
0,0,24.7,8.233333333,1,2012-07-20 00:00:00,0,0,1,Friday,36084677
0,0,25.4,4.233333333,2,2011-11-26 00:00:00,0,0,2,Saturday,43087721
0,0,26,8.666666667,1,2013-11-04 00:00:00,0,0,1,Monday,11003633
0,0,26.1,2.9,1,2009-02-25 00:00:00,0,0,3,Wednesday,51401987
0,0,26.8,8.933333333,3,2012-11-17 00:00:00,0,0,1,Saturday,18243679
0,0,27,9,1,2013-12-20 00:00:00,0,0,1,Friday,33554490
0,0,27.07,9.023333333,1,2010-09-21 00:00:00,0,0,1,Tuesday,20537891
0,0,27.4,4.566666667,1,2011-09-20 00:00:00,0,0,2,Tuesday,6341148
0,0,27.8,9.266666667,1,2009-02-26 00:00:00,0,0,1,Thursday,30449517
0,0,27.83,9.276666667,1,2014-03-04 00:00:00,0,0,1,Tuesday,18271303
0,0,28.2,4.7,1,2011-01-28 00:00:00,0,0,2,Friday,616829
0,0,29.4,4.9,0,2011-04-23 00:00:00,0,0,2,Saturday,31353697
0,0,29.7,9.9,1,2012-08-11 00:00:00,0,0,1,Saturday,20201910
0,0,29.8,4.966666667,1,2011-03-26 00:00:00,0,0,2,Saturday,6781476
0,0,30,10,1,2014-05-26 00:00:00,0,0,1,Monday,9108794
0,0,30.33,10.11,1,2014-10-22 00:00:00,40.756027,-73.992959,1,Wednesday,740461
0,0,30.5,10.16666667,1,2012-02-26 00:00:00,0,0,1,Sunday,16285483
0,0,30.6,3.4,1,2009-04-11 00:00:00,0,0,3,Saturday,44570324
0,0,30.9,3.433333333,1,2009-01-09 00:00:00,0,0,3,Friday,53727126
0,0,31,5.166666667,1,2015-01-10 00:00:00,0,0,2,Saturday,4633931
0,0,31.47,10.49,1,2010-12-20 00:00:00,0,0,1,Monday,619000
0,0,31.5,10.5,1,2015-02-28 00:00:00,0,0,1,Saturday,25075589
0,0,31.6,5.266666667,1,2009-02-22 00:00:00,0,0,2,Sunday,36160192
0,0,31.8,3.533333333,1,2009-01-13 00:00:00,0,0,3,Tuesday,5971061
0,0,32.1,3.566666667,1,2009-03-27 00:00:00,0,0,3,Friday,49301764
0,0,32.9,10.96666667,2,2011-05-17 00:00:00,0,0,1,Tuesday,11070885
0,0,33,11,1,2012-11-12 00:00:00,0,0,1,Monday,30638185
0,0,33.3,11.1,1,2011-07-05 00:00:00,0,0,1,Tuesday,35972696
0,0,33.9,3.766666667,1,2011-03-04 00:00:00,0,0,3,Friday,2497548
0,0,34.1,11.36666667,1,2012-08-19 00:00:00,0,0,1,Sunday,33659399
0,0,34.2,3.8,1,2009-04-07 00:00:00,0,0,3,Tuesday,16288359
0,0,34.33,11.44333333,1,2014-08-18 00:00:00,0,0,1,Monday,16740928
0,0,34.66,5.776666667,3,2014-04-17 00:00:00,0,0,2,Thursday,34550228
0,0,35,5.833333333,1,2015-01-14 00:00:00,0,0,2,Wednesday,8489738
0,0,35.07,11.69,1,2010-06-10 00:00:00,0,0,1,Thursday,51078503
0,0,35.1,3.9,0,2012-02-22 00:00:00,0,0,3,Wednesday,46519032
0,0,35.33,11.77666667,6,2014-09-17 00:00:00,0,0,1,Wednesday,50636595
0,0,36,12,1,2012-09-12 00:00:00,0,0,1,Wednesday,53844200
0,0,36.1,12.03333333,1,2012-03-16 00:00:00,0,0,1,Friday,34316949
0,0,37.2,12.4,1,2009-11-05 00:00:00,0,0,1,Thursday,45036498
0,0,37.3,12.43333333,1,2013-02-25 00:00:00,0,0,1,Monday,54488357
0,0,39.4,6.566666667,5,2012-06-12 00:00:00,0,0,2,Tuesday,6467569
0,0,39.6,13.2,1,2010-07-31 00:00:00,0,0,1,Saturday,32511697
0,0,39.9,4.433333333,1,2010-08-25 00:00:00,0,0,3,Wednesday,3605538
0,0,40,6.666666667,1,2013-01-23 00:00:00,0,0,2,Wednesday,555010
0,0,40.4,6.733333333,2,2009-03-22 00:00:00,0,0,2,Sunday,3122454
0,0,40.5,4.5,1,2015-06-10 00:00:00,0,0,3,Wednesday,2056469
0,0,40.66,6.776666667,1,2013-06-22 00:00:00,0,0,2,Saturday,3635144
0,0,40.83,13.61,1,2014-11-20 00:00:00,0,0,1,Thursday,10518240
0,0,41.2,6.866666667,1,2009-03-15 00:00:00,0,0,2,Sunday,6347313
0,0,41.4,4.6,2,2009-02-01 00:00:00,0,0,3,Sunday,30354790
0,0,41.7,13.9,1,2010-12-24 00:00:00,0,0,1,Friday,12402646
0,0,41.83,13.94333333,2,2014-07-27 00:00:00,0,0,1,Sunday,54388389
0,0,42.6,4.733333333,1,2009-01-03 00:00:00,0,0,3,Saturday,49860272
0,0,42.6,7.1,1,2010-12-18 00:00:00,0,0,2,Saturday,3085004
0,0,42.9,4.766666667,1,2012-03-02 00:00:00,0,0,3,Friday,45862593
0,0,44.1,14.7,1,2010-07-14 00:00:00,0,0,1,Wednesday,2512645
0,0,44.27,14.75666667,1,2010-12-10 00:00:00,0,0,1,Friday,29606700
0,0,44.5,14.83333333,1,2014-05-26 00:00:00,0,0,1,Monday,20575882
0,0,44.9,14.96666667,1,2010-12-14 00:00:00,0,0,1,Tuesday,5359987
0,0,46.1,15.36666667,1,2012-05-11 00:00:00,0,0,1,Friday,53070696
0,0,46.41,5.156666667,1,2010-05-08 00:00:00,0,0,3,Saturday,7381399
0,0,46.6,7.766666667,1,2012-03-09 00:00:00,0,0,2,Friday,6530808
0,0,47.1,5.233333333,1,2010-05-19 00:00:00,0,0,3,Wednesday,8911901
0,0,48,5.333333333,1,2013-09-15 00:00:00,0,0,3,Sunday,12658428
0,0,48,16,1,2010-10-28 00:00:00,0,0,1,Thursday,17275087
0,0,49.8,8.3,5,2010-06-14 00:00:00,0,0,2,Monday,41366870
0,0,49.8,16.6,1,2011-03-18 00:00:00,0,0,1,Friday,12252523
0,0,50.1,5.566666667,1,2009-03-03 00:00:00,0,0,3,Tuesday,33926202
0,0,50.5,16.83333333,1,2009-11-10 00:00:00,0,0,1,Tuesday,35353965
0,0,50.7,5.633333333,1,2010-04-16 00:00:00,0,0,3,Friday,3075736
0,0,51.9,5.766666667,1,2009-11-14 00:00:00,0,0,3,Saturday,3341112
0,0,53,8.833333333,1,2012-04-26 00:00:00,0,0,2,Thursday,9986893
0,0,53.8,8.966666667,1,2010-07-29 00:00:00,0,0,2,Thursday,48234090
0,0,54.6,9.1,1,2012-05-09 00:00:00,0,0,2,Wednesday,51776487
0,0,55.4,9.233333333,1,2011-03-06 00:00:00,0,0,2,Sunday,11930874
0,0,56,9.333333333,1,2013-03-19 00:00:00,0,0,2,Tuesday,6448229
0,0,56.66,9.443333333,1,2013-04-11 00:00:00,0,0,2,Thursday,46864372
0,0,56.7,6.3,0,2012-04-06 00:00:00,0,0,3,Friday,40849570
0,0,57,9.5,1,2013-05-08 00:00:00,0,0,2,Wednesday,8185928
0,0,57.9,6.433333333,1,2010-09-02 00:00:00,0,0,3,Thursday,10733652
0,0,58.5,19.5,1,2012-11-17 00:00:00,0,0,1,Saturday,42803526
0,0,58.6,9.766666667,2,2011-07-09 00:00:00,0,0,2,Saturday,27068246
0,0,59,9.833333333,2,2014-03-21 00:00:00,0,0,2,Friday,46512771
0,0,59,19.66666667,1,2013-05-30 00:00:00,0,0,1,Thursday,8635421
0,0,60.3,6.7,1,2010-04-06 00:00:00,0,0,3,Tuesday,3417114
0,0,60.9,6.766666667,1,2013-03-03 00:00:00,0,0,3,Sunday,33212899
0,0,61.6,10.26666667,2,2010-04-28 00:00:00,0,0,2,Wednesday,36971612
0,0,61.66,10.27666667,1,2014-01-31 00:00:00,0,0,2,Friday,34934307
0,0,61.8,10.3,2,2012-03-29 00:00:00,0,0,2,Thursday,20107719
0,0,62,10.33333333,1,2013-12-22 00:00:00,0,0,2,Sunday,15509279
0,0,62.6,10.43333333,1,2012-08-03 00:00:00,0,0,2,Friday,54971304
0,0,62.66,10.44333333,2,2014-02-24 00:00:00,0,0,2,Monday,14997851
0,0,62.7,6.966666667,0,2012-01-02 00:00:00,0,0,3,Monday,29807052
0,0,63.4,10.56666667,1,2012-07-14 00:00:00,0,0,2,Saturday,636863
0,0,65.1,7.233333333,1,2010-06-06 00:00:00,0,0,3,Sunday,4842838
0,0,66.14,11.02333333,5,2010-11-19 00:00:00,0,0,2,Friday,20835563
0,0,67.4,11.23333333,1,2009-09-13 00:00:00,0,0,2,Sunday,49485210
0,0,68,22.66666667,1,2015-02-27 00:00:00,0,0,1,Friday,23199980
0,0,69,11.5,1,2014-07-27 00:00:00,0,0,2,Sunday,1597188
0,0,69.21,7.69,1,2009-12-24 00:00:00,0,0,3,Thursday,2537329
0,0,70,11.66666667,1,2012-09-13 00:00:00,0,0,2,Thursday,3704467
0,0,70,23.33333333,2,2014-06-20 00:00:00,0,0,1,Friday,10179911
0,0,70.5,7.833333333,1,2013-02-09 00:00:00,0,0,3,Saturday,9181404
0,0,70.6,11.76666667,1,2010-01-27 00:00:00,0,0,2,Wednesday,32405288
0,0,70.94,11.82333333,1,2010-05-12 00:00:00,0,0,2,Wednesday,26292447
0,0,71.1,7.9,1,2012-01-09 00:00:00,0,0,3,Monday,18721949
0,0,74,12.33333333,1,2013-12-30 00:00:00,0,0,2,Monday,6797866
0,0,74.33,24.77666667,1,2013-12-11 00:00:00,0,0,1,Wednesday,51956602
0,0,75.66,12.61,5,2013-08-30 00:00:00,0,0,2,Friday,13659009
0,0,77.1,8.566666667,1,2011-12-12 00:00:00,0,0,3,Monday,48968939
0,0,77.66,12.94333333,1,2014-03-09 00:00:00,0,0,2,Sunday,52271708
0,0,78.3,8.7,1,2012-01-20 00:00:00,0,0,3,Friday,16638213
0,0,78.66,13.11,1,2014-02-04 00:00:00,0,0,2,Tuesday,35142462
0,0,79.55,26.51666667,1,2013-10-12 00:00:00,0,0,1,Saturday,19494060
0,0,81.99,9.11,1,2013-12-09 00:00:00,40.736616,-73.997182,3,Monday,36783873
0,0,82.2,9.133333333,0,2013-12-08 00:00:00,0,0,3,Sunday,10809652
0,0,84.3,9.366666667,1,2011-03-28 00:00:00,0,0,3,Monday,46315605
0,0,84.81,9.423333333,3,2010-03-27 00:00:00,0,0,3,Saturday,55245691
0,0,86.7,9.633333333,1,2011-04-06 00:00:00,0,0,3,Wednesday,26012216
0,0,87.4,14.56666667,1,2010-04-08 00:00:00,0,0,2,Thursday,47558386
0,0,88.41,9.823333333,2,2010-10-08 00:00:00,0,0,3,Friday,23149023
0,0,90,15,0,2012-04-24 00:00:00,40.730905,-74.006275,2,Tuesday,44515527
0,0,90,30,2,2012-10-05 00:00:00,0,0,1,Friday,49867305
0,0,90.3,10.03333333,1,2011-01-30 00:00:00,0,0,3,Sunday,23790720
0,0,94.71,10.52333333,1,2014-09-22 00:00:00,0,0,3,Monday,23654986
0,0,94.95,31.65,2,2014-03-14 00:00:00,0,0,1,Friday,46312681
0,0,95,15.83333333,4,2012-09-27 00:00:00,0,0,2,Thursday,51009880
0,0,96,10.66666667,1,2015-01-18 00:00:00,0,0,3,Sunday,37758003
0,0,96.03,10.67,1,2014-02-10 00:00:00,0,0,3,Monday,635739
0,0,96.3,10.7,1,2011-05-27 00:00:00,0,0,3,Friday,421909
0,0,97.5,10.83333333,1,2015-04-26 00:00:00,0,0,3,Sunday,29034846
0,0,98.3,16.38333333,1,2009-03-17 00:00:00,0,0,2,Tuesday,3353914
0,0,99.14,16.52333333,1,2010-04-29 00:00:00,0,0,2,Thursday,9767646
0,0,100,16.66666667,1,2012-12-22 00:00:00,0,0,2,Saturday,4381928
0,0,100,33.33333333,1,2013-12-14 00:00:00,0,0,1,Saturday,9372284
0,0,101.49,11.27666667,1,2014-01-13 00:00:00,0,0,3,Monday,10017185
0,0,103,17.16666667,1,2011-03-05 00:00:00,0,0,2,Saturday,39470209
0,0,104.7,11.63333333,1,2010-02-14 00:00:00,0,0,3,Sunday,50763091
0,0,106,17.66666667,1,2010-05-26 00:00:00,40.738422,-74.029422,2,Wednesday,29465993
0,0,108.9,12.1,1,2012-09-18 00:00:00,0,0,3,Tuesday,804424
0,0,108.99,12.11,4,2014-08-11 00:00:00,0,0,3,Monday,16915062
0,0,112.6,18.76666667,1,2010-05-13 00:00:00,0,0,2,Thursday,17703631
0,0,113.4,12.6,1,2012-10-18 00:00:00,0,0,3,Thursday,8922788
0,0,116.7,12.96666667,1,2012-05-14 00:00:00,0,0,3,Monday,45817836
0,0,117,13,1,2012-09-22 00:00:00,0,0,3,Saturday,50075618
0,0,118.5,13.16666667,1,2014-10-18 00:00:00,0,0,3,Saturday,47216836
0,0,119.49,13.27666667,2,2014-01-08 00:00:00,0,0,3,Wednesday,24581391
0,0,120,13.33333333,1,2015-01-18 00:00:00,0,0,3,Sunday,2646782
0,0,122,20.33333333,1,2014-03-27 00:00:00,40.718015,-74.008955,2,Thursday,42527597
0,0,123.6,13.73333333,5,2009-11-08 00:00:00,0,0,3,Sunday,6572394
0,0,123.99,13.77666667,1,2014-06-08 00:00:00,40.793097,-73.92315,3,Sunday,26524360
0,0,126,21,1,2013-05-09 00:00:00,0,0,2,Thursday,21901981
0,0,127.95,14.21666667,1,2009-03-30 00:00:00,0,0,3,Monday,28958954
0,0,130,21.66666667,1,2012-05-25 00:00:00,0,0,2,Friday,20731808
0,0,134,22.33333333,1,2013-12-16 00:00:00,0,0,2,Monday,46091724
0,0,137,45.66666667,1,2013-05-03 00:00:00,0,0,1,Friday,28579349
0,0,141,15.66666667,3,2015-02-24 00:00:00,40.7671051,-73.93009949,3,Tuesday,46730313
0,0,152.6,25.43333333,5,2012-04-30 00:00:00,0,0,2,Monday,12327953
0,0,153,17,2,2012-07-11 00:00:00,0,0,3,Wednesday,1468403
0,0,160,26.66666667,1,2013-08-08 00:00:00,0,0,2,Thursday,25627760
0,0,165,18.33333333,1,2014-09-21 00:00:00,0,0,3,Sunday,19936476
0,0,166.5,27.75,1,2013-09-15 00:00:00,40.73653,-74.033905,2,Sunday,51290238
0,0,168,18.66666667,1,2011-08-17 00:00:00,0,0,3,Wednesday,8005835
0,0,170,28.33333333,1,2009-08-16 00:00:00,0,0,2,Sunday,2099923
0,0,171.9,19.1,1,2012-10-03 00:00:00,0,0,3,Wednesday,33638042
0,0,172.62,19.18,1,2015-06-11 00:00:00,40.75688934,-73.99803925,3,Thursday,17904945
0,0,180,20,1,2014-12-08 00:00:00,0,0,3,Monday,23574845
0,0,194.4,21.6,1,2013-03-02 00:00:00,0,0,3,Saturday,33893835
0,0,225,25,1,2012-07-01 00:00:00,0,0,3,Sunday,3028014
0,0,242,40.33333333,3,2013-12-21 00:00:00,0,0,2,Saturday,5090056
0,0,245.7,27.3,1,2014-01-23 00:00:00,0,0,3,Thursday,41759008
0,0,247.5,27.5,1,2014-03-05 00:00:00,0,0,3,Wednesday,7598135
0,0,258,28.66666667,1,2012-05-26 00:00:00,0,0,3,Saturday,48345404
0,0,275,91.66666667,1,2013-04-19 00:00:00,0,0,1,Friday,20013003
0,0,284,47.33333333,2,2014-03-23 00:00:00,0,0,2,Sunday,31796395
0,0,350,116.6666667,3,2014-10-24 00:00:00,0,0,1,Friday,33491441
0,0,750,83.33333333,1,2013-05-11 00:00:00,0,0,3,Saturday,38680012
0.000172,0.001803,29.07,9.69,4,2010-10-15 00:00:00,-0.003728,-0.001007,1,Friday,52705342
0.010865,0.038577,75.9,8.433333333,1,2011-07-13 00:00:00,0.013382,0.012797,3,Wednesday,26069620
40.47663,-74.468772,113,37.66666667,2,2013-12-06 00:00:00,40.47663,-74.46877,1,Friday,52300154
40.5108,-74.242129,110,36.66666667,1,2009-01-29 00:00:00,40.5108,-74.242129,1,Thursday,37013742
40.511859,-74.2368,245.43,27.27,1,2010-10-06 00:00:00,40.757446,-73.970932,3,Wednesday,24456114
40.539005,-74.188247,94.66,31.55333333,2,2013-03-05 00:00:00,40.760719,-73.974947,1,Tuesday,29913110
40.540093,-74.178777,259.8,28.86666667,1,2012-10-09 00:00:00,40.75377,-73.969411,3,Tuesday,48725694
40.544047,-74.144493,52.1,17.36666667,3,2011-10-29 00:00:00,40.702365,-74.012988,1,Saturday,53599567
40.55053,-74.151655,201.72,22.41333333,1,2009-09-11 00:00:00,40.752012,-73.974987,3,Friday,12711977
40.553583,-74.18031,79.65,26.55,5,2011-03-24 00:00:00,40.750132,-73.99187,1,Thursday,15600566
40.557102,-74.397303,196,65.33333333,1,2009-09-17 00:00:00,40.557112,-74.39731,1,Thursday,44677588
40.560418,-74.145202,128.2,21.36666667,2,2009-11-22 00:00:00,40.641503,-73.788368,2,Sunday,1838523
40.561228,-73.911748,109.83,12.20333333,1,2009-11-28 00:00:00,40.644778,-73.781955,3,Saturday,43258949
40.561955,-74.335082,489,54.33333333,1,2014-07-10 00:00:00,40.70915,-74.01352,3,Thursday,36070528
40.562571,-74.11041,191.1,21.23333333,1,2012-03-11 00:00:00,40.748453,-73.985496,3,Sunday,16238175
40.564327,-74.1068,93.68,15.61333333,1,2010-01-22 00:00:00,40.714135,-73.95528,2,Friday,46842874
40.565217,-74.113326,170.7,18.96666667,2,2012-03-11 00:00:00,40.773231,-73.954867,3,Sunday,21883910
40.57172,-74.120035,124.32,20.72,1,2014-08-08 00:00:00,40.706975,-74.005395,2,Friday,35770707
40.57254,-73.989912,45.3,15.1,1,2009-01-15 00:00:00,40.751698,-73.976862,1,Thursday,32639766
40.573733,-73.847763,57.81,19.27,1,2010-11-07 00:00:00,40.773933,-73.948455,1,Sunday,41725165
40.575187,-73.853465,42.25,14.08333333,2,2014-09-28 00:00:00,40.6453,-73.776701,1,Sunday,40429142
40.575697,-74.00805,109,18.16666667,5,2013-04-10 00:00:00,40.644722,-73.78186,2,Wednesday,53484092
40.576207,-73.968248,106.6,17.76666667,6,2011-08-13 00:00:00,40.795675,-73.935588,2,Saturday,21963438
40.576472,-73.968602,98.66,16.44333333,1,2013-12-31 00:00:00,40.754882,-73.968478,2,Tuesday,37447898
40.576521,-73.959549,121.5,13.5,1,2011-06-08 00:00:00,40.641253,-73.786569,3,Wednesday,24410476
40.576651,-73.959416,79.6,13.26666667,1,2009-02-15 00:00:00,40.739958,-74.002923,2,Sunday,4740574
40.576762,-73.968523,89.34,14.89,2,2010-06-20 00:00:00,40.761467,-73.997949,2,Sunday,39948001
40.577057,-73.953603,43.3,14.43333333,6,2012-02-22 00:00:00,40.745858,-73.978302,1,Wednesday,27248222
40.57712,-73.96338,61.33,20.44333333,2,2014-12-01 00:00:00,40.75728,-73.97505,1,Monday,26128992
40.577325,-73.957175,41.5,13.83333333,4,2012-09-04 00:00:00,40.644517,-73.782203,1,Tuesday,15932861
40.57736,-73.965334,43,14.33333333,1,2012-11-12 00:00:00,40.644578,-73.782484,1,Monday,26282064
40.577675,-73.95673,46.9,15.63333333,6,2011-11-02 00:00:00,40.751137,-73.98722,1,Wednesday,37988651
40.578078,-73.954121,108,18,2,2013-11-11 00:00:00,40.742272,-73.973836,2,Monday,52422652
40.578202,-73.98621,35.7,11.9,1,2011-03-08 00:00:00,40.736587,-73.989032,1,Tuesday,32245646
40.578807,-73.968267,84,14,1,2013-01-07 00:00:00,40.645382,-73.776705,2,Monday,27646502
40.578808,-74.112382,103.66,34.55333333,1,2014-05-01 00:00:00,40.769851,-73.86401,1,Thursday,4395702
40.579082,-74.10618,93,15.5,3,2012-02-02 00:00:00,40.714192,-74.01373,2,Thursday,35818701
40.57912827,-73.98397064,55.5,18.5,1,2015-03-14 00:00:00,40.7452507,-73.98845673,1,Saturday,27219829
40.579618,-74.155763,279.48,31.05333333,2,2013-06-18 00:00:00,40.645058,-73.777117,3,Tuesday,41936982
40.580783,-73.976065,121,20.16666667,1,2014-01-04 00:00:00,40.769963,-73.864117,2,Saturday,50329322
40.581447,-73.971373,39.7,13.23333333,1,2010-01-06 00:00:00,40.75716,-73.96958,1,Wednesday,8699251
40.58253,-73.960597,90.1,15.01666667,5,2009-04-09 00:00:00,40.75588,-73.986607,2,Thursday,40364753
40.583198,-73.974352,44,14.66666667,1,2014-08-29 00:00:00,40.641562,-73.78769,1,Friday,47679363
40.583617,-74.086132,55.16,18.38666667,1,2013-09-10 00:00:00,40.706472,-74.012968,1,Tuesday,11313329
40.583662,-73.950562,36.9,12.3,1,2012-02-25 00:00:00,40.73037,-74.001892,1,Saturday,25498426
40.583933,-73.935057,52.5,17.5,1,2013-10-18 00:00:00,40.773738,-73.871027,1,Friday,5420008
40.58413,-73.938668,91.4,15.23333333,2,2009-10-23 00:00:00,40.7689,-73.863272,2,Friday,19001701
40.584683,-73.950807,77,12.83333333,3,2013-03-03 00:00:00,40.646652,-73.777327,2,Sunday,40955279
40.584754,-73.694822,193.66,32.27666667,1,2013-05-18 00:00:00,40.748984,-73.993381,2,Saturday,17651961
40.585144,-73.949946,84.2,14.03333333,1,2010-05-01 00:00:00,40.759852,-73.991751,2,Saturday,16691133
40.586617,-73.920985,128.7,14.3,1,2011-05-19 00:00:00,40.649648,-73.804193,3,Thursday,49195985
40.586832,-73.712762,107.5,35.83333333,1,2010-11-23 00:00:00,40.586837,-73.71277,1,Tuesday,6565676
40.587192,-73.96222,142.41,15.82333333,3,2010-08-22 00:00:00,40.778398,-73.98862,3,Sunday,22232908
40.588237,-73.966083,158.49,17.61,1,2014-09-03 00:00:00,40.755977,-73.976647,3,Wednesday,34082559
40.588713,-73.985898,82.6,13.76666667,2,2010-07-28 00:00:00,40.762707,-73.98944,2,Wednesday,3763430
40.58889008,-73.81645966,72.16,12.02666667,1,2015-05-17 00:00:00,40.64543152,-73.77664185,2,Sunday,30672908
40.589189,-73.81237,102,11.33333333,1,2014-07-01 00:00:00,40.645387,-73.77669,3,Tuesday,18106080
40.590502,-73.984363,43.07,14.35666667,2,2009-12-19 00:00:00,40.763113,-73.993841,1,Saturday,42103652
40.590933,-73.64734,177.6,29.6,1,2013-02-01 00:00:00,40.729126,-73.995312,2,Friday,18162991
40.590957,-73.963765,92,15.33333333,1,2013-11-21 00:00:00,40.721562,-73.988997,2,Thursday,31575657
40.59112,-73.945779,144.3,16.03333333,1,2011-07-03 00:00:00,40.763562,-73.996818,3,Sunday,49107050
40.591249,-73.940161,206.49,22.94333333,2,2013-10-13 00:00:00,40.752148,-73.976685,3,Sunday,17123974
40.591269,-73.96756,130.5,14.5,1,2013-04-06 00:00:00,40.756592,-73.966834,3,Saturday,36848959
40.592472,-74.083322,141.9,15.76666667,1,2009-03-26 00:00:00,40.737767,-73.987858,3,Thursday,39968989
40.592485,-73.939362,41,13.66666667,1,2012-10-04 00:00:00,40.644862,-73.78174,1,Thursday,46637521
40.592682,-74.065044,72.16,24.05333333,2,2013-09-28 00:00:00,40.645376,-73.776797,1,Saturday,25204047
40.593227,-73.941579,48.33,16.11,2,2014-06-02 00:00:00,40.709834,-74.015561,1,Monday,37624498
40.594504,-74.08541,55.41,18.47,1,2010-08-08 00:00:00,40.755815,-73.978912,1,Sunday,40724579
40.595017,-74.085252,197.97,21.99666667,1,2014-05-29 00:00:00,40.758412,-73.975745,3,Thursday,54632240
40.59531021,-73.99481201,162.12,18.01333333,1,2015-04-01 00:00:00,40.75030518,-73.97389984,3,Wednesday,14219077
40.595858,-73.995397,170.49,18.94333333,1,2014-06-15 00:00:00,40.756108,-73.99109,3,Sunday,1036923
40.595888,-73.948758,152.01,16.89,5,2010-04-06 00:00:00,40.764093,-73.954393,3,Tuesday,15889106
40.596522,-74.163811,151.98,25.33,1,2014-03-17 00:00:00,40.75265,-73.981523,2,Monday,9894359
40.596755,-74.07048,176.7,19.63333333,6,2012-07-02 00:00:00,40.645377,-73.776745,3,Monday,1243736
40.59894943,-74.00093842,114,12.66666667,1,2015-04-10 00:00:00,40.72877884,-73.9903183,3,Friday,32716411
40.598977,-73.986065,113.1,12.56666667,1,2011-01-24 00:00:00,40.644712,-73.782477,3,Monday,55231758
40.599612,-74.007107,80.2,13.36666667,1,2012-06-14 00:00:00,40.7565,-73.974452,2,Thursday,46932909
40.600156,-74.000581,122.01,13.55666667,1,2010-04-21 00:00:00,40.757519,-73.984949,3,Wednesday,31220984
40.600277,-73.993237,169.5,18.83333333,5,2013-06-21 00:00:00,40.769567,-73.863745,3,Friday,23030180
40.601017,-74.004412,136.5,15.16666667,4,2013-10-27 00:00:00,40.75552,-73.973133,3,Sunday,41132769
40.604517,-73.959399,80.8,13.46666667,1,2011-12-15 00:00:00,40.75438,-73.968916,2,Thursday,17736015
40.604917,-74.076187,234.48,26.05333333,1,2013-06-30 00:00:00,40.742922,-74.002292,3,Sunday,25508150
40.605002,-74.0896,60.04,20.01333333,5,2009-07-17 00:00:00,40.644633,-73.78233,1,Friday,26904040
40.60514832,-73.93984985,58.33,19.44333333,1,2015-01-17 00:00:00,40.73233032,-73.99876404,1,Saturday,9272175
40.605534,-74.077364,87.2,14.53333333,1,2013-02-12 00:00:00,40.719473,-73.990421,2,Tuesday,20538091
40.606077,-73.978725,37.5,12.5,1,2013-12-19 00:00:00,40.731635,-73.982358,1,Thursday,11299469
40.60644913,-74.005867,216,24,1,2015-04-23 00:00:00,40.77405167,-73.87306213,3,Thursday,11818912
40.606957,-74.061213,110.2,18.36666667,5,2012-11-21 00:00:00,40.760757,-73.983673,2,Wednesday,14948523
40.608742,-73.97364,48.5,16.16666667,4,2013-09-20 00:00:00,40.643333,-73.789885,1,Friday,28517173
40.608832,-73.996,149.49,16.61,1,2014-03-07 00:00:00,40.755877,-73.991162,3,Friday,1027839
40.610396,-73.986303,40.9,13.63333333,1,2011-08-20 00:00:00,40.755906,-73.987312,1,Saturday,35788698
40.61048126,-74.01051331,29.83,9.943333333,1,2015-03-12 00:00:00,40.7061882,-74.0128479,1,Thursday,40719200
40.61089,-74.03535,67,11.16666667,1,2014-10-01 00:00:00,40.72392,-73.99631,2,Wednesday,29881872
40.611045,-74.00908,129.99,14.44333333,1,2014-07-02 00:00:00,40.756135,-73.967537,3,Wednesday,37761085
40.611272,-74.063992,38.04,12.68,3,2010-08-01 00:00:00,40.702267,-74.013665,1,Sunday,47968474
40.611508,-74.116678,113.34,18.89,1,2009-12-10 00:00:00,40.760082,-73.96477,2,Thursday,24263488
40.611783,-74.035185,117.9,13.1,1,2011-12-18 00:00:00,40.765328,-73.980922,3,Sunday,52004588
40.611877,-74.100865,60.1,20.03333333,1,2012-03-09 00:00:00,40.7573,-73.971925,1,Friday,3954294
40.612977,-74.082925,157.65,17.51666667,1,2009-06-07 00:00:00,40.751378,-73.983638,3,Sunday,4219762
40.613179,-74.159465,98.6,16.43333333,2,2012-02-25 00:00:00,40.702286,-74.013053,2,Saturday,48828526
40.6136055,-74.03295135,115.62,12.84666667,2,2015-06-12 00:00:00,40.73498917,-74.00697327,3,Friday,516379
40.61400223,-73.98856354,106.5,11.83333333,1,2015-01-02 00:00:00,0,0,3,Friday,26627893
40.61408,-73.977527,76.2,12.7,1,2012-04-06 00:00:00,40.729373,-73.990012,2,Friday,53833203
40.614563,-73.92159,99.4,16.56666667,1,2010-07-06 00:00:00,40.768993,-73.862708,2,Tuesday,23423918
40.615051,-73.940455,100.2,16.7,2,2011-02-05 00:00:00,40.751338,-73.970592,2,Saturday,34250197
40.615075,-73.909663,102.6,17.1,1,2012-08-07 00:00:00,40.75319,-73.978692,2,Tuesday,36384831
40.616827,-74.027274,98.49,10.94333333,1,2013-05-27 00:00:00,40.731491,-74.003978,3,Monday,8250746
40.61695,-74.037261,51.8,17.26666667,1,2012-09-15 00:00:00,40.794041,-73.972015,1,Saturday,25753854
40.617332,-74.030497,168.3,18.7,1,2011-11-01 00:00:00,40.770484,-73.86587,3,Tuesday,8933471
40.618,-74.002722,75.74,12.62333333,1,2010-10-23 00:00:00,40.755232,-73.973205,2,Saturday,47465991
40.618375,-73.913709,42.35,14.11666667,1,2009-01-27 00:00:00,40.750459,-73.97432,1,Tuesday,4743495
40.619137,-73.968087,147,16.33333333,1,2014-03-26 00:00:00,40.647177,-73.788897,3,Wednesday,54517799
40.619283,-74.031759,15.4,5.133333333,1,2009-01-31 00:00:00,40.581779,-73.959728,1,Saturday,30888652
40.619353,-74.125437,138.2,23.03333333,1,2011-10-20 00:00:00,40.645132,-73.776842,2,Thursday,10665490
40.619458,-74.040057,95.66,15.94333333,1,2013-08-16 00:00:00,40.768597,-73.985378,2,Friday,8566664
40.619535,-73.956422,112.41,12.49,3,2010-11-20 00:00:00,40.76715,-73.981712,3,Saturday,34554922
40.619542,-74.023012,66.5,22.16666667,1,2014-08-23 00:00:00,40.717447,-73.995182,1,Saturday,42760830
40.619777,-74.073982,123.98,20.66333333,1,2014-10-16 00:00:00,40.745577,-73.99095,2,Thursday,4964939
40.62038,-74.028718,161.1,17.9,1,2011-01-05 00:00:00,40.739333,-73.97286,3,Wednesday,25739400
40.620857,-74.025082,114.99,12.77666667,1,2014-10-17 00:00:00,40.76039,-74.002902,3,Friday,20897532
40.621217,-73.991723,160.5,17.83333333,1,2013-05-11 00:00:00,40.644657,-73.782033,3,Saturday,30091692
40.621406,-74.107967,120.32,20.05333333,1,2013-06-21 00:00:00,40.751493,-73.98221,2,Friday,28160331
40.621467,-74.003112,103.4,17.23333333,1,2012-05-12 00:00:00,40.647052,-73.789843,2,Saturday,19407490
40.622028,-74.022433,71.74,11.95666667,3,2009-09-12 00:00:00,40.764161,-73.954386,2,Saturday,32319926
40.622132,-73.967572,140.4,15.6,2,2013-01-01 00:00:00,40.777607,-73.979037,3,Tuesday,28453494
40.622235,-74.031523,152.7,16.96666667,1,2012-07-19 00:00:00,40.779802,-73.947339,3,Thursday,21994465
40.622577,-73.962938,28.83,9.61,1,2014-07-16 00:00:00,40.704397,-74.008325,1,Wednesday,42368527
40.622814,-73.913196,31.8,10.6,2,2009-01-07 00:00:00,40.643712,-73.790378,1,Wednesday,11178093
40.623492,-74.005158,24.8,8.266666667,1,2009-04-04 00:00:00,40.711179,-74.016447,1,Saturday,30476384
40.624235,-74.163914,169.32,18.81333333,1,2010-03-23 00:00:00,40.750862,-73.971489,3,Tuesday,12890111
40.62502289,-74.11067963,61.66,20.55333333,1,2015-03-21 00:00:00,40.73170853,-73.98376465,1,Saturday,2782656
40.62533569,-74.03881836,47.54,15.84666667,1,2015-05-06 00:00:00,40.74337769,-73.99613953,1,Wednesday,7680743
40.626974,-74.029578,55.7,18.56666667,2,2011-04-09 00:00:00,40.760821,-73.99045,1,Saturday,3664023
40.6271,-74.2152,154.6,25.76666667,1,2011-06-27 00:00:00,40.723,-73.999,2,Monday,33759912
40.627793,-73.960825,83.74,13.95666667,2,2009-07-14 00:00:00,40.78668,-73.945167,2,Tuesday,22724277
40.629648,-74.018293,43.8,14.6,1,2013-01-23 00:00:00,40.762237,-73.979025,1,Wednesday,21007251
40.629666,-73.969868,78.6,8.733333333,1,2009-03-11 00:00:00,40.74832,-73.984639,3,Wednesday,2562666
40.6304,-73.907638,186,20.66666667,1,2012-11-04 00:00:00,40.716447,-73.995698,3,Sunday,49183319
40.63119125,-74.09307861,234.24,26.02666667,2,2015-03-30 00:00:00,40.64705658,-73.789505,3,Monday,18285617
40.631297,-73.889968,187.5,20.83333333,2,2014-01-01 00:00:00,40.718877,-73.988755,3,Wednesday,49449930
40.631595,-74.028359,74.66,12.44333333,1,2014-12-19 00:00:00,40.751135,-74.00503,2,Friday,48117767
40.631793,-73.918813,56.7,18.9,1,2011-06-30 00:00:00,40.631793,-73.918813,1,Thursday,32493635
40.632279,-74.020718,92.66,15.44333333,1,2013-05-30 00:00:00,40.765634,-73.955005,2,Thursday,23372296
40.633017,-74.024285,32.67,10.89,1,2010-09-29 00:00:00,40.753845,-73.989007,1,Wednesday,38428194
40.633138,-74.031603,89.66,14.94333333,1,2014-12-03 00:00:00,40.756032,-73.99028,2,Wednesday,48510616
40.633232,-73.971973,174.3,19.36666667,3,2009-08-08 00:00:00,40.773905,-73.873033,3,Saturday,35441502
40.633392,-74.026453,131,21.83333333,1,2013-10-25 00:00:00,40.644492,-73.78264,2,Friday,43004971
40.633578,-74.030243,68.54,11.42333333,2,2010-08-31 00:00:00,40.76044,-73.98355,2,Tuesday,34136028
40.634612,-73.99256,100.66,16.77666667,1,2014-11-19 00:00:00,40.754707,-73.984452,2,Wednesday,46807160
40.634837,-74.082555,165.9,18.43333333,1,2012-01-03 00:00:00,40.763852,-73.96215,3,Tuesday,23058814
40.634856,-73.972225,102.75,11.41666667,1,2009-05-23 00:00:00,40.775967,-73.953295,3,Saturday,17092532
40.635342,-74.036675,45.33,15.11,6,2013-08-20 00:00:00,40.754837,-73.987383,1,Tuesday,49394266
40.636223,-73.962529,60.9,20.3,1,2009-12-11 00:00:00,40.673658,-73.953194,1,Friday,22033500
40.636377,-73.958403,36.8,12.26666667,1,2012-09-11 00:00:00,40.736792,-73.978397,1,Tuesday,49243820
40.636433,-74.031682,75.5,25.16666667,1,2013-01-21 00:00:00,40.648695,-73.783383,1,Monday,29064441
40.636936,-73.975292,50.94,8.49,1,2009-08-27 00:00:00,40.750658,-74.005916,2,Thursday,33146034
40.636962,-74.031472,40.27,13.42333333,2,2010-01-06 00:00:00,40.775912,-73.953058,1,Wednesday,23751409
40.638123,-73.963916,70.2,7.8,1,2009-02-12 00:00:00,40.743327,-74.003568,3,Thursday,30657524
40.638258,-73.912983,62.9,20.96666667,1,2011-11-01 00:00:00,40.755995,-73.990835,1,Tuesday,6574601
40.638612,-73.965859,43.83,14.61,1,2013-12-23 00:00:00,40.761924,-73.967599,1,Monday,33094689
40.638654,-73.832779,181.35,20.15,2,2009-11-01 00:00:00,40.773189,-73.945619,3,Sunday,13802486
40.638685,-73.78648,56.8,18.93333333,5,2013-02-14 00:00:00,40.748377,-73.980268,1,Thursday,50833431
40.640978,-74.015602,64.41,7.156666667,1,2010-11-02 00:00:00,40.71187,-74.007983,3,Tuesday,33638094
40.64166,-73.78913,77.5,25.83333333,5,2014-05-11 00:00:00,40.714842,-74.016312,1,Sunday,22224423
40.641962,-74.013521,99,16.5,3,2013-01-24 00:00:00,40.74033,-74.00805,2,Thursday,15929419
40.643742,-73.78367,57.34,19.11333333,5,2014-12-01 00:00:00,40.795687,-73.97432,1,Monday,11490933
40.643787,-73.790275,93.3,31.1,2,2012-09-12 00:00:00,40.749564,-73.991668,1,Wednesday,2704889
40.643835,-73.783277,187.98,20.88666667,1,2014-06-27 00:00:00,40.758672,-73.974912,3,Friday,16039263
40.643949,-73.782936,149.01,16.55666667,1,2010-12-20 00:00:00,40.756974,-73.989012,3,Monday,40856886
40.643982,-73.977587,21.33,7.11,2,2014-03-28 00:00:00,40.705052,-74.01341,1,Friday,28019337
40.644085,-73.782708,60.65,20.21666667,1,2009-05-15 00:00:00,40.744072,-73.979337,1,Friday,43129482
40.644104,-73.9980545,222,24.66666667,1,2015-01-14 00:00:00,40.64472961,-73.78229523,3,Wednesday,13059314
40.644112,-73.966406,35.1,11.7,2,2011-04-19 00:00:00,40.763588,-73.977637,1,Tuesday,41472399
40.644242,-73.786367,57.5,19.16666667,1,2012-12-07 00:00:00,40.688917,-73.989975,1,Friday,21592277
40.644507,-73.971802,88.35,9.816666667,1,2009-02-08 00:00:00,40.74086,-73.98385,3,Sunday,25194332
40.645303,-74.08431,198.4,33.06666667,1,2012-12-07 00:00:00,40.774132,-73.873028,2,Friday,43551754
40.646028,-73.800873,117.14,19.52333333,1,2010-07-14 00:00:00,40.646348,-73.801275,2,Wednesday,25088852
40.646742,-73.790402,660,73.33333333,1,2013-09-27 00:00:00,40.671653,-73.801147,3,Friday,5471406
40.646934,-73.78995,66.81,22.27,2,2012-02-11 00:00:00,40.646934,-73.78995,1,Saturday,20816941
40.64715195,-73.97620392,26.33,8.776666667,1,2015-01-29 00:00:00,40.71319962,-74.00392914,1,Thursday,40732647
40.647176,-73.926968,30.2,10.06666667,1,2009-03-09 00:00:00,40.714967,-73.99236,1,Monday,44793043
40.647412,-73.78791,130.6,21.76666667,1,2012-12-02 00:00:00,40.793602,-73.969175,2,Sunday,24888781
40.647712,-73.974477,101.4,11.26666667,1,2012-12-12 00:00:00,40.744125,-73.974448,3,Wednesday,51870377
40.648492,-73.962942,22.6,7.533333333,2,2009-01-23 00:00:00,40.73339,-74.004161,1,Friday,37058482
40.64868,-73.958943,33.47,11.15666667,1,2010-11-01 00:00:00,40.755577,-73.997548,1,Monday,31658240
40.64874,-73.782167,149.55,16.61666667,1,2011-03-21 00:00:00,40.728358,-73.990748,3,Monday,49980794
40.64875793,-73.78263855,173.4,19.26666667,1,2015-01-22 00:00:00,40.71708679,-73.83081818,3,Thursday,14513334
40.650292,-73.919465,103.2,11.46666667,1,2010-04-25 00:00:00,40.752732,-74.00416,3,Sunday,50445536
40.650378,-73.952479,59.8,9.966666667,3,2009-01-15 00:00:00,40.739623,-73.97647,2,Thursday,32839206
40.651687,-73.978033,147.15,16.35,1,2009-03-23 00:00:00,40.750068,-73.991663,3,Monday,41880699
40.65312576,-73.70328522,75.54,25.18,1,2015-06-30 00:00:00,40.65311813,-73.70326233,1,Tuesday,50354907
40.653592,-73.960692,58,19.33333333,1,2013-10-06 00:00:00,40.858155,-73.931988,1,Sunday,48086498
40.65372,-73.980557,62.9,10.48333333,2,2009-01-17 00:00:00,40.759713,-73.988038,2,Saturday,48050509
40.654127,-73.981595,48.75,5.416666667,1,2009-04-17 00:00:00,40.707222,-74.012205,3,Friday,3218982
40.654479,-74.005984,102.9,11.43333333,1,2012-09-15 00:00:00,40.719675,-73.98723,3,Saturday,11939316
40.655958,-73.975061,109.8,18.3,1,2012-07-18 00:00:00,40.641482,-73.786075,2,Wednesday,51972738
40.65655,-73.657801,231,25.66666667,1,2010-03-30 00:00:00,40.65655,-73.657801,3,Tuesday,11014197
40.656625,-73.657957,87,29,1,2009-06-27 00:00:00,40.656592,-73.657965,1,Saturday,23524198
40.65727,-73.579418,259.14,43.19,1,2009-09-26 00:00:00,40.657267,-73.579418,2,Saturday,20578793
40.657775,-73.979905,100.92,11.21333333,5,2010-06-01 00:00:00,40.762062,-73.982915,3,Tuesday,24784187
40.658207,-73.855698,115,38.33333333,1,2009-04-03 00:00:00,40.648903,-73.785702,1,Friday,4790254
40.65891266,-73.98179626,30.04,10.01333333,1,2015-06-05 00:00:00,40.74399185,-74.00701904,1,Friday,32122626
40.65953827,-73.98461151,30.54,10.18,1,2015-05-29 00:00:00,40.74346924,-74.00724792,1,Friday,20250653
40.659588,-73.982918,52.41,5.823333333,1,2009-09-05 00:00:00,40.714267,-74.015198,3,Saturday,53959177
40.659706,-73.989123,52.7,8.783333333,1,2009-02-12 00:00:00,40.755399,-73.986248,2,Thursday,44644920
40.65975189,-74.17380524,69.25,23.08333333,1,2015-02-20 00:00:00,40.75178528,-73.977005,1,Friday,28085234
40.660067,-73.983728,123,20.5,1,2014-02-16 00:00:00,40.645227,-73.776678,2,Sunday,27082596
40.660785,-73.985117,44.66,7.443333333,1,2014-04-10 00:00:00,40.71055,-74.009437,2,Thursday,7898040
40.661072,-74.000288,101.61,11.29,5,2010-05-25 00:00:00,40.784483,-73.951922,3,Tuesday,13467478
40.66208,-73.988507,77.49,8.61,1,2013-05-01 00:00:00,40.722932,-74.006493,3,Wednesday,47059
40.662417,-73.996665,107.49,11.94333333,1,2013-09-23 00:00:00,40.756975,-73.971635,3,Monday,24558289
40.663835,-73.883713,78.8,13.13333333,2,2009-02-28 00:00:00,40.748564,-73.988161,2,Saturday,5542612
40.664644,-73.906133,26.6,8.866666667,2,2009-04-04 00:00:00,40.645241,-73.776602,1,Saturday,734066
40.664673,-73.891041,21.4,7.133333333,1,2009-01-20 00:00:00,40.719628,-73.992055,1,Tuesday,14168128
40.665517,-73.99653,96.9,10.76666667,6,2013-01-09 00:00:00,40.784227,-73.980595,3,Wednesday,45678933
40.666477,-73.782177,97.66,16.27666667,4,2014-08-30 00:00:00,40.75495,-73.988298,2,Saturday,46581029
40.666564,-73.955935,39.6,6.6,1,2009-03-11 00:00:00,40.702817,-74.01277,2,Wednesday,34270901
40.66676,-73.975175,43.6,7.266666667,2,2009-03-29 00:00:00,40.751126,-73.994254,2,Sunday,8954858
40.666864,-73.850196,119.61,13.29,1,2010-12-05 00:00:00,40.751201,-73.994177,3,Sunday,27792206
40.666873,-73.983208,52.2,5.8,2,2009-01-09 00:00:00,40.730495,-74.001661,3,Friday,25201906
40.66688,-73.978435,46.66,7.776666667,1,2014-05-07 00:00:00,40.705849,-74.006012,2,Wednesday,48188580
40.667462,-73.982818,26.83,8.943333333,1,2014-11-15 00:00:00,40.740402,-74.00792,1,Saturday,45673283
40.667673,-73.981343,47.7,15.9,1,2011-09-02 00:00:00,40.644728,-73.782341,1,Friday,15946944
40.667756,-73.990716,39.66,6.61,1,2013-08-29 00:00:00,40.703528,-74.009136,2,Thursday,47098891
40.667847,-73.983644,49.8,5.533333333,1,2009-04-05 00:00:00,40.731164,-73.999841,3,Sunday,36128585
40.66848373,-73.81995392,147.12,16.34666667,1,2015-06-02 00:00:00,40.75573349,-73.99031067,3,Tuesday,29830086
40.66929245,-73.98661041,44.08,7.346666667,1,2015-03-25 00:00:00,40.71857452,-74.01054382,2,Wednesday,8416290
40.669371,-73.527638,165.33,55.11,1,2014-01-03 00:00:00,40.725014,-74.011105,1,Friday,52217373
40.669774,-73.979172,63.66,10.61,1,2014-08-23 00:00:00,40.751175,-73.99041,2,Saturday,13292324
40.670015,-73.985483,16.67,5.556666667,5,2010-08-05 00:00:00,40.711038,-74.01514,1,Thursday,7335259
40.670848,-73.984664,74.5,24.83333333,4,2014-09-16 00:00:00,40.647078,-73.790086,1,Tuesday,49678524
40.671009,-73.978098,29.33,9.776666667,2,2013-10-16 00:00:00,40.750995,-74.00589,1,Wednesday,53360587
40.671414,-73.801026,18.16,6.053333333,1,2013-11-08 00:00:00,40.785014,-73.94895,1,Friday,22345015
40.671695,-73.977598,13.4,4.466666667,1,2009-04-08 00:00:00,40.725759,-73.991907,1,Wednesday,3659753
40.67189,-73.99055,49.66,8.276666667,1,2014-12-06 00:00:00,40.73285,-73.99981,2,Saturday,51123562
40.672317,-73.734527,58.83,19.61,1,2014-12-12 00:00:00,40.762567,-73.983002,1,Friday,14258204
40.67248154,-73.74053955,119,19.83333333,1,2015-05-15 00:00:00,40.78350067,-73.97071838,2,Friday,11530282
40.672584,-73.798808,88.66,14.77666667,1,2013-03-25 00:00:00,40.749688,-73.986497,2,Monday,3410072
40.672753,-73.987301,14.1,1.566666667,1,2009-02-20 00:00:00,40.672753,-73.987301,3,Friday,21551251
40.672771,-73.983058,17.9,5.966666667,2,2009-06-07 00:00:00,40.711864,-74.01629,1,Sunday,25461654
40.673257,-73.877974,22.67,7.556666667,1,2010-11-03 00:00:00,40.673257,-73.877974,1,Wednesday,15927117
40.67448425,-74.01631927,26.54,8.846666667,5,2015-05-24 00:00:00,40.73495865,-73.99695587,1,Sunday,54643246
40.674915,-73.950058,49.2,8.2,1,2009-02-25 00:00:00,40.766781,-73.993979,2,Wednesday,49289927
40.675123,-73.843406,47.6,7.933333333,1,2009-03-20 00:00:00,40.771102,-73.865345,2,Friday,3402729
40.675483,-73.973902,33.85,11.28333333,1,2009-03-10 00:00:00,40.75194,-73.97568,1,Tuesday,14733545
40.675626,-73.978458,23.7,2.633333333,1,2009-01-27 00:00:00,40.6862,-73.994126,3,Tuesday,44205671
40.6759491,-73.79020691,165.99,18.44333333,6,2015-03-22 00:00:00,40.78762817,-73.97509766,3,Sunday,14132971
40.675976,-73.999379,19.87,6.623333333,2,2010-03-16 00:00:00,40.725712,-74.001002,1,Tuesday,34276291
40.676042,-73.999787,17.83,5.943333333,1,2014-06-17 00:00:00,40.708122,-74.0165,1,Tuesday,29153369
40.676067,-74.007119,27.47,9.156666667,1,2009-12-12 00:00:00,40.755709,-73.983287,1,Saturday,39378142
40.676104,-73.970482,100.2,11.13333333,2,2009-04-12 00:00:00,40.648638,-73.783233,3,Sunday,9080930
40.676265,-74.000443,98.4,10.93333333,1,2013-02-02 00:00:00,40.755822,-73.97957,3,Saturday,18231468
40.676354,-73.976274,38.2,6.366666667,1,2009-03-11 00:00:00,40.742922,-73.982326,2,Wednesday,2659122
40.676864,-74.000935,13.77,4.59,1,2011-04-11 00:00:00,40.714806,-74.016519,1,Monday,14178720
40.67744446,-74.00049591,16.54,5.513333333,1,2015-03-30 00:00:00,40.70737839,-74.01212311,1,Monday,11086887
40.677486,-73.981341,29.2,4.866666667,1,2009-05-01 00:00:00,40.734637,-73.990877,2,Friday,31908853
40.678068,-74.001787,36.5,6.083333333,3,2009-05-08 00:00:00,40.734143,-73.998888,2,Friday,9080073
40.67847061,-74.00009155,84.12,9.346666667,1,2015-05-13 00:00:00,40.74501801,-73.99786377,3,Wednesday,45317960
40.678753,-73.736922,124.6,20.76666667,1,2012-09-05 00:00:00,40.758228,-73.971747,2,Wednesday,7186890
40.680203,-73.996667,55.8,6.2,1,2009-04-01 00:00:00,40.747705,-73.98501,3,Wednesday,41322873
40.680205,-73.97755,56.33,18.77666667,1,2013-07-02 00:00:00,40.756493,-73.977943,1,Tuesday,21909730
40.680265,-73.80104,126.66,21.11,6,2014-06-27 00:00:00,40.757872,-73.989647,2,Friday,45167516
40.680557,-74.00087,54.81,6.09,2,2010-10-24 00:00:00,40.741034,-74.00763,3,Sunday,19709116
40.680897,-73.998817,110.49,12.27666667,1,2014-02-21 00:00:00,40.759985,-73.973037,3,Friday,55401891
40.680899,-73.998795,44.54,7.423333333,1,2010-05-03 00:00:00,40.763728,-73.996299,2,Monday,3412622
40.68096924,-74.01428986,70.08,11.68,3,2015-06-21 00:00:00,40.75421143,-73.99450684,2,Sunday,11218958
40.681302,-73.842447,82.94,13.82333333,5,2010-01-10 00:00:00,40.783665,-73.950005,2,Sunday,9837755
40.682003,-73.92885,50.8,8.466666667,1,2009-01-19 00:00:00,40.750001,-74.002546,2,Monday,51466996
40.68277359,-74.00013733,25.54,8.513333333,1,2015-06-13 00:00:00,40.73988342,-73.99876404,1,Saturday,49129284
40.682939,-74.006373,14.65,4.883333333,1,2009-07-09 00:00:00,40.707612,-74.011846,1,Thursday,1745526
40.6830101,-74.00049591,69,23,1,2015-06-17 00:00:00,40.64692307,-73.78865814,1,Wednesday,46569769
40.683399,-73.965896,24.4,4.066666667,2,2009-01-02 00:00:00,40.721181,-73.993768,2,Friday,5477239
40.683702,-73.913767,17.8,5.933333333,1,2009-03-09 00:00:00,40.727424,-73.993637,1,Monday,8386380
40.684256,-73.986158,159.99,17.77666667,1,2013-05-10 00:00:00,40.769775,-73.863666,3,Friday,52936660
40.685382,-73.994382,114,19,2,2012-12-09 00:00:00,40.643822,-73.789917,2,Sunday,3490020
40.685813,-73.693955,213,23.66666667,1,2011-12-01 00:00:00,40.685817,-73.693962,3,Thursday,21598108
40.68641,-73.56294,390,43.33333333,1,2012-02-23 00:00:00,40.68641,-73.56294,3,Thursday,16635140
40.686852,-74.193495,228,25.33333333,1,2009-04-16 00:00:00,40.760918,-73.982562,3,Thursday,27221432
40.686972,-73.993868,60.81,6.756666667,1,2009-09-25 00:00:00,40.745297,-74.00843,3,Friday,1483377
40.687656,-74.181627,126.6,21.1,1,2009-05-11 00:00:00,40.758594,-73.985142,2,Monday,27057154
40.687668,-74.181865,62.7,20.9,1,2011-04-23 00:00:00,40.765487,-73.963947,1,Saturday,14198349
40.68767,-74.181505,117.4,19.56666667,1,2010-12-03 00:00:00,40.720797,-74.004047,2,Friday,22002688
40.687688,-74.181503,147.2,24.53333333,1,2014-09-18 00:00:00,40.726462,-73.995873,2,Thursday,55244020
40.687693,-74.181709,148.5,24.75,1,2013-10-20 00:00:00,40.754918,-73.968602,2,Sunday,20611065
40.687698,-74.18189,201.75,22.41666667,1,2014-01-25 00:00:00,40.742697,-73.996626,3,Saturday,46492811
40.687707,-73.959771,40.6,13.53333333,1,2009-03-13 00:00:00,40.648676,-73.783299,1,Friday,34317107
40.687715,-74.181345,61.75,20.58333333,2,2013-08-20 00:00:00,40.725577,-74.005038,1,Tuesday,151638
40.687721,-74.182349,204.9,22.76666667,1,2009-12-15 00:00:00,40.749995,-73.97932,3,Tuesday,22243595
40.687722,-74.181928,173,28.83333333,1,2014-08-03 00:00:00,40.75174,-73.976253,2,Sunday,48912457
40.687732,-74.181867,69.9,23.3,1,2010-06-22 00:00:00,40.732175,-73.99015,1,Tuesday,20837156
40.68774033,-74.18152618,255.75,28.41666667,1,2015-05-25 00:00:00,40.76687622,-73.98316956,3,Monday,47203680
40.687745,-74.181802,86.4,28.8,1,2014-11-29 00:00:00,40.77428,-73.963167,1,Saturday,46407147
40.687746,-74.182447,79,26.33333333,1,2012-09-29 00:00:00,40.745183,-74.002047,1,Saturday,30264736
40.687746,-74.182168,140.6,23.43333333,2,2010-05-02 00:00:00,40.754689,-73.965475,2,Sunday,20834946
40.687762,-74.181378,73.75,24.58333333,1,2014-12-17 00:00:00,40.758998,-73.983297,1,Wednesday,5842863
40.687769,-74.182634,71.75,23.91666667,2,2013-07-03 00:00:00,40.77194,-73.982675,1,Wednesday,26662786
40.687777,-74.181335,67.1,22.36666667,5,2011-03-23 00:00:00,40.778063,-73.958377,1,Wednesday,11215801
40.687782,-74.181465,215.7,23.96666667,5,2010-10-30 00:00:00,40.724525,-73.99339,3,Saturday,3275794
40.687798,-74.182645,170.8,28.46666667,1,2012-05-17 00:00:00,40.758455,-73.989705,2,Thursday,4250437
40.6878,-74.1815,117.2,19.53333333,2,2011-09-19 00:00:00,0,0,2,Monday,5178341
40.687802,-74.181513,280.5,31.16666667,1,2014-06-27 00:00:00,40.754927,-73.98184,3,Friday,30995120
40.687812,-74.182507,161.1,26.85,1,2013-02-09 00:00:00,40.750965,-73.976337,2,Saturday,16689934
40.68782043,-74.18271637,268.5,29.83333333,1,2015-02-23 00:00:00,40.74552917,-73.97537231,3,Monday,34898877
40.687826,-74.182802,142.5,23.75,1,2013-02-14 00:00:00,40.736735,-73.978768,2,Thursday,4950039
40.68788,-74.182975,171.5,28.58333333,1,2013-03-17 00:00:00,40.765567,-73.976332,2,Sunday,29635464
40.687896,-74.183096,88.25,29.41666667,1,2013-07-16 00:00:00,40.753411,-73.977941,1,Tuesday,34675055
40.687897,-74.1829,68.5,22.83333333,1,2012-09-13 00:00:00,40.752258,-73.97707,1,Thursday,51869247
40.6879,-74.183045,81.33,27.11,1,2014-09-25 00:00:00,40.745572,-73.98232,1,Thursday,987693
40.687912,-74.18288,260.7,28.96666667,1,2014-02-05 00:00:00,40.74635,-73.988347,3,Wednesday,32115144
40.687965,-74.183079,153.3,17.03333333,1,2012-08-11 00:00:00,40.771791,-73.990586,3,Saturday,45526022
40.687982,-74.183257,231.75,25.75,3,2013-10-11 00:00:00,40.7567,-73.97543,3,Friday,8361345
40.687985,-74.183093,126.2,21.03333333,2,2012-07-06 00:00:00,40.7864,-73.977992,2,Friday,43224424
40.687998,-74.183223,111.75,37.25,2,2013-06-05 00:00:00,40.762563,-73.97881,1,Wednesday,7245963
40.688005,-74.183203,59.9,19.96666667,1,2011-04-19 00:00:00,40.750882,-73.987265,1,Tuesday,14982694
40.68801,-74.183185,184.8,20.53333333,1,2009-01-06 00:00:00,40.758302,-73.975323,3,Tuesday,21371042
40.688042,-74.183283,151.5,25.25,1,2013-04-25 00:00:00,40.755082,-73.971977,2,Thursday,40740865
40.688057,-74.183298,169.8,18.86666667,1,2012-03-20 00:00:00,40.733777,-74.001452,3,Tuesday,40808083
40.688073,-74.183368,111.8,18.63333333,1,2010-11-29 00:00:00,40.704177,-74.008435,2,Monday,53508728
40.68808,-74.183305,62.6,20.86666667,1,2012-06-21 00:00:00,40.702529,-74.012292,1,Thursday,10398919
40.688382,-74.1837,126.5,21.08333333,1,2013-04-28 00:00:00,40.740307,-74.005232,2,Sunday,10338666
40.688472,-74.179948,124.4,20.73333333,1,2012-08-04 00:00:00,40.757507,-73.97972,2,Saturday,2057386
40.688515,-74.179865,135,22.5,6,2012-11-25 00:00:00,40.727497,-74.001772,2,Sunday,49113516
40.688566,-74.1839,73,24.33333333,1,2014-08-31 00:00:00,40.771055,-73.990614,1,Sunday,4021988
40.688732,-74.184023,210.75,23.41666667,1,2013-01-25 00:00:00,40.770972,-73.983735,3,Friday,32936086
40.688762,-74.184003,136.4,22.73333333,1,2011-09-29 00:00:00,40.742755,-73.986595,2,Thursday,47281521
40.688767,-74.183992,73.25,24.41666667,5,2013-03-22 00:00:00,40.757587,-73.976808,1,Friday,12388948
40.689134,-74.184202,147,24.5,1,2014-05-27 00:00:00,40.722731,-73.997078,2,Tuesday,2100699
40.689139,-74.178824,106.5,35.5,1,2013-05-29 00:00:00,40.692321,-74.184196,1,Wednesday,45733516
40.68936539,-73.9994278,63.08,10.51333333,5,2015-05-14 00:00:00,40.72652817,-74.00210571,2,Thursday,53604016
40.68944168,-74.18400574,91.75,30.58333333,2,2015-02-09 00:00:00,40.76021576,-73.9854126,1,Monday,50961608
40.68951035,-74.17845154,92.4,30.8,1,2015-04-02 00:00:00,40.74914169,-73.99240112,1,Thursday,2837764
40.689786,-74.178116,57.2,19.06666667,1,2011-11-27 00:00:00,40.728769,-74.000229,1,Sunday,37724390
40.689795,-74.178147,132.6,22.1,1,2011-01-12 00:00:00,40.764738,-73.96993,2,Wednesday,11772307
40.689806,-74.178079,54.7,18.23333333,1,2010-11-20 00:00:00,40.751685,-73.993693,1,Saturday,3689457
40.689808,-74.178007,92.5,30.83333333,2,2013-01-02 00:00:00,40.750773,-73.969892,1,Wednesday,39125332
40.689854,-74.17806,63.8,21.26666667,3,2011-11-28 00:00:00,40.757152,-73.981953,1,Monday,12318322
40.68985748,-74.17822266,258.75,28.75,1,2015-03-02 00:00:00,40.75640106,-73.97349548,3,Monday,46093047
40.689882,-74.17808,240.75,26.75,4,2013-04-21 00:00:00,40.761777,-73.97945,3,Sunday,33423841
40.689902,-74.178082,124.5,20.75,1,2013-02-25 00:00:00,40.725757,-74.005055,2,Monday,13157082
40.689907,-74.177966,185.7,20.63333333,2,2010-02-15 00:00:00,40.762013,-73.97872,3,Monday,44681212
40.689927,-74.178067,85.83,28.61,6,2014-01-15 00:00:00,40.761997,-73.979402,1,Wednesday,33757867
40.689989,-74.184275,273,30.33333333,1,2014-01-24 00:00:00,40.740668,-74.005572,3,Friday,3572057
40.690073,-74.178021,131.7,14.63333333,1,2012-06-30 00:00:00,40.815292,-73.919476,3,Saturday,6839815
40.690132,-74.177835,211.5,23.5,1,2012-11-29 00:00:00,40.758217,-73.992823,3,Thursday,30166735
40.69014,-74.17784,236.85,26.31666667,1,2014-10-20 00:00:00,40.7465,-74.00106,3,Monday,44838418
40.69015884,-74.17777252,125.5,20.91666667,4,2015-02-02 00:00:00,40.73326874,-73.99989319,2,Monday,313741
40.690172,-74.177803,163,27.16666667,1,2014-05-25 00:00:00,40.756837,-73.98852,2,Sunday,43744761
40.690192,-74.09469,62.4,20.8,1,2013-01-30 00:00:00,40.720282,-74.01013,1,Wednesday,11168705
40.690203,-73.90847,66.6,7.4,1,2009-02-16 00:00:00,40.733911,-73.99094,3,Monday,37256137
40.690297,-74.177722,87.25,29.08333333,4,2014-03-31 00:00:00,40.760677,-73.961247,1,Monday,17274077
40.69033,-74.184123,197.7,21.96666667,1,2009-03-12 00:00:00,40.778428,-73.981865,3,Thursday,1822980
40.69037628,-74.17766571,90.25,30.08333333,1,2015-04-09 00:00:00,40.76884842,-73.98495483,1,Thursday,49434291
40.690386,-74.17764,130.2,21.7,2,2010-03-13 00:00:00,40.7398,-74.006119,2,Saturday,7476392
40.690411,-74.177475,111.6,18.6,1,2011-12-05 00:00:00,40.728161,-73.99603,2,Monday,23425197
40.69044113,-74.17761993,79.25,26.41666667,1,2015-01-16 00:00:00,40.75643921,-73.98409271,1,Friday,41141534
40.690442,-74.177539,66.7,22.23333333,2,2009-08-23 00:00:00,40.751281,-73.968534,1,Sunday,52889358
40.690502,-74.177574,167.5,27.91666667,1,2013-09-27 00:00:00,40.755032,-73.971409,2,Friday,24854638
40.690607,-74.177542,71.1,23.7,1,2011-06-10 00:00:00,40.732447,-73.985123,1,Friday,33393133
40.690632,-74.177478,173.7,19.3,4,2011-04-04 00:00:00,40.756584,-73.99766,3,Monday,40603124
40.690687,-74.177512,88,29.33333333,5,2014-05-10 00:00:00,40.762402,-73.974245,1,Saturday,5612287
40.690748,-74.177451,53.9,17.96666667,1,2011-02-16 00:00:00,40.719738,-73.987686,1,Wednesday,41017722
40.690768,-74.177387,246,27.33333333,1,2014-05-12 00:00:00,40.777443,-73.978853,3,Monday,42661161
40.690807,-74.177377,104.6,17.43333333,2,2011-01-07 00:00:00,40.720937,-74.01776,2,Friday,1583719
40.690811,-73.846827,90.81,10.09,1,2010-03-04 00:00:00,40.744663,-73.991523,3,Thursday,36989366
40.690897,-74.177276,243.9,27.1,1,2013-12-07 00:00:00,40.745698,-73.987959,3,Saturday,33415190
40.6909523,-74.17752838,157.5,26.25,3,2015-03-18 00:00:00,40.76300049,-73.98377228,2,Wednesday,28283656
40.690993,-74.177425,178.66,29.77666667,1,2014-05-20 00:00:00,40.762177,-73.979032,2,Tuesday,14560545
40.691147,-74.177279,120.6,20.1,2,2010-06-19 00:00:00,41.366138,-73.137393,2,Saturday,2338554
40.691153,-74.177227,168.6,18.73333333,1,2012-02-06 00:00:00,40.71589,-74.008965,3,Monday,36485385
40.691263,-74.177112,71.5,23.83333333,2,2009-09-22 00:00:00,40.758128,-73.98024,1,Tuesday,52917371
40.691371,-74.17704,190.5,21.16666667,1,2013-10-29 00:00:00,40.753242,-73.978246,3,Tuesday,25773733
40.69165802,-74.18393707,69.5,23.16666667,1,2015-02-15 00:00:00,40.722332,-73.98870087,1,Sunday,9633110
40.691696,-73.982546,54.6,6.066666667,3,2009-01-23 00:00:00,40.751256,-73.994073,3,Friday,25424943
40.692062,-74.181091,134.4,22.4,1,2012-06-03 00:00:00,40.771497,-73.982513,2,Sunday,10589712
40.693335,-73.971948,85.4,14.23333333,1,2012-02-13 00:00:00,40.693338,-73.971947,2,Monday,44328174
40.693465,-74.176708,159.5,26.58333333,1,2013-06-30 00:00:00,40.763135,-73.989222,2,Sunday,44281990
40.693543,-74.187317,234,26,1,2009-06-19 00:00:00,40.765153,-73.987092,3,Friday,44446003
40.693945,-74.176665,190.2,21.13333333,1,2011-12-25 00:00:00,40.762102,-73.98147,3,Sunday,11309394
40.693997,-74.176795,83.15,27.71666667,5,2012-11-25 00:00:00,40.767042,-73.956448,1,Sunday,53156731
40.694047,-74.176697,78.5,26.16666667,1,2012-10-10 00:00:00,40.756487,-73.982137,1,Wednesday,15304837
40.694052,-74.176712,89.1,29.7,1,2014-06-30 00:00:00,40.76987,-73.969095,1,Monday,15463573
40.694202,-74.176678,348,38.66666667,1,2014-06-26 00:00:00,40.760407,-73.987073,3,Thursday,12958583
40.694337,-74.176798,90.75,30.25,1,2013-03-19 00:00:00,40.80192,-73.96133,1,Tuesday,41080531
40.69467545,-74.17700958,81.25,27.08333333,2,2015-06-18 00:00:00,40.74452972,-73.98895264,1,Thursday,23690803
40.69468,-74.176905,209.4,23.26666667,1,2011-12-02 00:00:00,40.763876,-73.97328,3,Friday,13759990
40.6947,-74.1769,106.2,17.7,1,2011-06-02 00:00:00,0,0,2,Thursday,25350901
40.694708,-74.176893,59.1,19.7,1,2010-11-14 00:00:00,40.725893,-74.00494,1,Sunday,17873360
40.694727,-74.176957,266.49,29.61,1,2014-10-19 00:00:00,40.765527,-73.983415,3,Sunday,14575341
40.694743,-74.176863,218.1,24.23333333,3,2010-03-27 00:00:00,40.771313,-73.95168,3,Saturday,54673556
40.694785,-74.17687,72.5,24.16666667,1,2013-12-09 00:00:00,40.747512,-74.00055,1,Monday,37906865
40.694802,-74.177017,312,34.66666667,1,2012-11-11 00:00:00,40.766565,-73.978368,3,Sunday,46285769
40.69480515,-74.17709351,284.25,31.58333333,1,2015-06-22 00:00:00,40.75073624,-73.97389221,3,Monday,24621476
40.694885,-74.177202,128.6,21.43333333,2,2010-01-02 00:00:00,40.749895,-73.978218,2,Saturday,50168833
40.694915,-74.177203,252.9,28.1,1,2010-02-28 00:00:00,40.884272,-73.90461,3,Sunday,51462710
40.69494247,-74.17697906,282.75,31.41666667,1,2015-02-05 00:00:00,40.75031662,-73.97310638,3,Thursday,8056008
40.694943,-74.177973,108.6,18.1,1,2009-04-18 00:00:00,40.736849,-73.997181,2,Saturday,34911466
40.694952,-74.177077,193,32.16666667,1,2014-01-21 00:00:00,40.751542,-73.97666,2,Tuesday,16108332
40.694998,-74.177092,136.8,22.8,2,2012-06-12 00:00:00,40.756026,-73.990444,2,Tuesday,38173283
40.695003,-74.17709,136.2,22.7,4,2011-12-29 00:00:00,40.76137,-73.988449,2,Thursday,23262844
40.695007,-74.177168,89.65,29.88333333,1,2013-03-31 00:00:00,40.78801,-73.97103,1,Sunday,31080238
40.695022,-74.177142,248.25,27.58333333,5,2013-11-17 00:00:00,40.761802,-73.96654,3,Sunday,14275434
40.695032,-74.177182,260.5,43.41666667,1,2013-11-22 00:00:00,40.763447,-73.982272,2,Friday,34209729
40.695033,-74.177362,76.9,25.63333333,3,2014-06-28 00:00:00,40.75236,-73.993796,1,Saturday,28540002
40.695075,-74.1772,81.55,27.18333333,2,2013-08-29 00:00:00,40.751172,-73.994657,1,Thursday,5657148
40.695092,-74.177322,66.67,22.22333333,1,2010-08-30 00:00:00,40.741405,-73.948,1,Monday,47456828
40.695102,-74.177292,73.05,24.35,1,2011-04-30 00:00:00,40.764543,-73.968845,1,Saturday,10320887
40.695112,-74.177208,149.8,24.96666667,1,2014-11-25 00:00:00,40.729517,-74.000915,2,Tuesday,50093447
40.695134,-74.177386,153,25.5,1,2012-12-03 00:00:00,40.747368,-73.98964,2,Monday,16894634
40.695157,-74.177266,183,30.5,1,2014-01-29 00:00:00,40.758536,-73.970675,2,Wednesday,20650968
40.695168,-74.177188,192,32,1,2014-06-14 00:00:00,40.695168,-74.177188,2,Saturday,52862581
40.695263,-74.177392,51.9,17.3,2,2011-06-14 00:00:00,40.719098,-73.99461,1,Tuesday,13641797
40.695273,-74.17761,167.01,18.55666667,1,2010-05-13 00:00:00,40.753679,-73.999756,3,Thursday,11345770
40.695277,-74.177422,64.75,21.58333333,5,2013-11-08 00:00:00,40.70988,-74.015682,1,Friday,44957184
40.695283,-74.177354,222.9,24.76666667,2,2010-06-02 00:00:00,40.769368,-73.951336,3,Wednesday,28992622
40.695285,-74.177576,265.2,29.46666667,1,2014-04-28 00:00:00,40.753131,-73.970117,3,Monday,2675050
40.695295,-74.177577,225.3,25.03333333,1,2010-01-21 00:00:00,40.752552,-73.97924,3,Thursday,27206135
40.69533,-74.177432,139.4,23.23333333,1,2012-09-01 00:00:00,40.767763,-73.993178,2,Saturday,49719331
40.695362,-74.177552,223.35,24.81666667,1,2014-05-15 00:00:00,40.72521,-73.990193,3,Thursday,43203495
40.695505,-74.177795,182.5,30.41666667,1,2014-12-23 00:00:00,40.762347,-73.978757,2,Tuesday,23208196
40.695527,-74.177945,269.25,29.91666667,1,2013-04-09 00:00:00,40.759432,-73.985535,3,Tuesday,55069023
40.695532,-74.177882,121.2,20.2,1,2012-05-12 00:00:00,40.759796,-73.985907,2,Saturday,16930799
40.695541,-74.177727,246.75,27.41666667,1,2013-06-14 00:00:00,40.759609,-73.972806,3,Friday,6305869
40.695609,-74.178292,100.6,16.76666667,1,2009-10-12 00:00:00,40.717596,-74.009099,2,Monday,23783480
40.69562912,-74.17808533,216.75,24.08333333,1,2015-02-15 00:00:00,40.71652222,-74.01099396,3,Sunday,25593206
40.696331,-74.185143,64.7,21.56666667,1,2009-12-20 00:00:00,40.781465,-73.975854,1,Sunday,7546036
40.696857,-74.181962,57.1,19.03333333,1,2010-12-10 00:00:00,40.757898,-73.987161,1,Friday,9881130
40.697208,-73.794428,39.47,13.15666667,1,2010-09-14 00:00:00,40.729273,-73.984118,1,Tuesday,37858433
40.69726,-74.186377,161,26.83333333,1,2014-03-14 00:00:00,40.707737,-74.007569,2,Friday,1947804
40.698832,-74.402822,170,56.66666667,1,2014-11-10 00:00:00,40.643437,-73.789297,1,Monday,15547641
40.6992569,-73.93561554,133.62,14.84666667,1,2015-04-11 00:00:00,40.79885864,-73.96173096,3,Saturday,25660367
40.700042,-74.18418,220.5,36.75,1,2013-03-31 00:00:00,40.755117,-73.97349,2,Sunday,52221197
40.700138,-73.961113,59.6,9.933333333,2,2011-06-11 00:00:00,40.768993,-73.865123,2,Saturday,39319524
40.70089,-74.3822,230,76.66666667,2,2014-09-07 00:00:00,40.758267,-73.937765,1,Sunday,54143082
40.701221,-73.986892,146.7,16.3,1,2011-05-10 00:00:00,40.645321,-73.776686,3,Tuesday,21364863
40.701441,-73.72318,254.4,28.26666667,1,2012-06-19 00:00:00,40.741591,-73.981301,3,Tuesday,45838201
40.701727,-73.751488,112.2,12.46666667,1,2009-04-10 00:00:00,40.772744,-73.95557,3,Friday,44517226
40.70182,-74.01279099999999,16.2,5.4,1,2009-01-22 00:00:00,40.754822,-73.979626,1,Thursday,52929898
40.701927,-74.012583,33.05,11.01666667,3,2009-04-20 00:00:00,40.774335,-73.87291,1,Monday,15595427
40.702093,-74.011377,82.14,13.69,1,2009-08-17 00:00:00,40.769193,-73.86291,2,Monday,21058798
40.702175,-74.013655,56.1,6.233333333,1,2009-03-05 00:00:00,40.760772,-73.990232,3,Thursday,16234191
40.702327,-74.011728,110.01,12.22333333,1,2010-05-26 00:00:00,40.774047,-73.874897,3,Wednesday,18600537
40.70233,-74.013752,64.9,21.63333333,5,2011-01-27 00:00:00,40.666273,-73.784642,1,Thursday,44916774
40.702662,-73.764847,38.67,12.89,5,2009-07-29 00:00:00,40.758485,-73.971218,1,Wednesday,55312079
40.70378113,-74.01166534,96.08,16.01333333,1,2015-03-30 00:00:00,40.76911926,-73.86283875,2,Monday,4362599
40.703902,-74.011655,155.49,17.27666667,2,2013-09-19 00:00:00,40.769002,-73.86275,3,Thursday,2605667
40.70415115,-74.00867462,141.12,15.68,1,2015-04-29 00:00:00,40.7740097,-73.8744812,3,Wednesday,42376502
40.704798,-74.005208,69.34,11.55666667,1,2010-06-24 00:00:00,40.721017,-73.84252,2,Thursday,40952885
40.705209,-73.869864,25.87,8.623333333,1,2010-04-06 00:00:00,40.749373,-73.976369,1,Tuesday,27742547
40.705225,-74.008658,78.14,13.02333333,1,2010-05-25 00:00:00,40.768855,-73.862703,2,Tuesday,27403352
40.705232,-74.00789,48.8,16.26666667,6,2012-09-27 00:00:00,40.76917,-73.8674,1,Thursday,42833918
40.705305,-74.015507,132.9,14.76666667,1,2012-10-19 00:00:00,40.75739,-73.98172,3,Friday,29441975
40.705411,-73.896461,72.99,8.11,1,2013-03-24 00:00:00,40.75113,-73.971,3,Sunday,22875211
40.70546,-74.009187,125.4,13.93333333,2,2013-03-01 00:00:00,40.774007,-73.874467,3,Friday,38822524
40.705571,-73.866026,24.67,8.223333333,1,2010-12-04 00:00:00,40.745185,-73.978675,1,Saturday,43264609
40.70627213,-73.83238983,69.08,11.51333333,1,2015-03-25 00:00:00,40.74843979,-73.98806,2,Wednesday,51238800
40.706307,-74.006732,42.67,14.22333333,2,2010-01-07 00:00:00,40.77309,-73.885492,1,Thursday,18348401
40.706486,-73.791996,120.57,13.39666667,2,2011-03-01 00:00:00,40.750438,-73.991225,3,Tuesday,48172681
40.706582,-73.806782,69.3,23.1,1,2012-08-15 00:00:00,40.748282,-73.996267,1,Wednesday,25658254
40.70667648,-74.00759888,84.08,14.01333333,1,2015-04-02 00:00:00,40.77389145,-73.87312317,2,Thursday,43661103
40.706724,-73.837301,86.01,9.556666667,1,2010-03-01 00:00:00,40.751949,-73.974351,3,Monday,33100042
40.706818,-74.006532,111.21,12.35666667,1,2010-11-01 00:00:00,40.771112,-73.865882,3,Monday,27773719
40.707039,-74.012364,138.81,15.42333333,1,2009-08-31 00:00:00,40.769833,-73.863062,3,Monday,18461231
40.707153,-73.897052,43.74,7.29,1,2010-08-20 00:00:00,40.755632,-73.98312,2,Friday,49566363
40.707239,-74.004608,25.2,4.2,1,2009-01-25 00:00:00,40.75114,-73.971404,2,Sunday,41325770
40.707732,-74.016965,31.8,5.3,1,2009-01-16 00:00:00,40.738522,-73.980138,2,Friday,40674086
40.70774078,-74.01692963,105.08,17.51333333,1,2015-06-14 00:00:00,40.76925278,-73.86318207,2,Sunday,21767597
40.70793915,-73.99995422,92.08,15.34666667,4,2015-05-03 00:00:00,40.76880646,-73.86276245,2,Sunday,42841859
40.708092,-74.014537,19.8,2.2,1,2009-02-12 00:00:00,40.718515,-73.99887,3,Thursday,27365894
40.708189,-74.013565,8.6,2.866666667,1,2009-03-14 00:00:00,40.732286,-74.003463,1,Saturday,17575080
40.708232,-74.017491,73.4,12.23333333,1,2009-05-27 00:00:00,40.769175,-73.86256,2,Wednesday,48202059
40.70829773,-73.86164856,73.08,12.18,6,2015-06-14 00:00:00,40.7566452,-73.99026489,2,Sunday,15893906
40.708507,-74.178615,161.4,17.93333333,5,2012-01-14 00:00:00,40.723637,-74.011362,3,Saturday,30228722
40.708563,-73.980552,302.7,33.63333333,2,2012-08-22 00:00:00,40.753022,-73.941003,3,Wednesday,28991713
40.709143,-73.861423,53.34,8.89,1,2010-06-03 00:00:00,40.755043,-73.974568,2,Thursday,12541296
40.70929,-74.015388,78.1,13.01666667,2,2009-06-02 00:00:00,40.774046,-73.87449,2,Tuesday,33948345
40.709292,-74.015077,94.66,15.77666667,1,2014-12-01 00:00:00,40.773688,-73.870982,2,Monday,15696448
40.710514,-74.009377,45.3,5.033333333,2,2009-01-13 00:00:00,40.756476,-73.997949,3,Tuesday,24436029
40.71058,-73.851773,70.35,7.816666667,1,2009-05-21 00:00:00,40.74445,-73.978938,3,Thursday,7280868
40.710647,-74.001965,56.8,9.466666667,1,2010-09-07 00:00:00,40.716003,-74.008705,2,Tuesday,11276423
40.710668,-74.010782,46.83,15.61,1,2014-08-31 00:00:00,40.773778,-73.871345,1,Sunday,43774390
40.71076965,-74.00878143,102.08,17.01333333,2,2015-05-12 00:00:00,40.76924896,-73.86302185,2,Tuesday,15169799
40.71082687,-74.0160675,108.12,12.01333333,6,2015-06-19 00:00:00,40.74363327,-73.92063141,3,Friday,6958265
40.710958,-74.009265,130.35,14.48333333,1,2009-05-01 00:00:00,40.773138,-73.885327,3,Friday,47395928
40.71097,-73.816642,108.81,12.09,4,2009-08-24 00:00:00,40.730262,-74.001884,3,Monday,34240391
40.7111,-74.010918,40.25,13.41666667,2,2009-06-04 00:00:00,40.769198,-73.863267,1,Thursday,39549605
40.711115,-74.010937,139.2,15.46666667,1,2009-09-23 00:00:00,40.773862,-73.874548,3,Wednesday,12618952
40.711315,-73.98244,40.33,13.44333333,2,2014-06-24 00:00:00,40.774357,-73.873655,1,Tuesday,5501180
40.711397,-74.172375,96.8,32.26666667,1,2014-04-23 00:00:00,40.758987,-73.988065,1,Wednesday,26244587
40.71160889,-74.014328,185.49,20.61,1,2015-02-06 00:00:00,40.77403259,-73.87306976,3,Friday,54367487
40.711717,-74.166297,184,30.66666667,1,2013-12-01 00:00:00,40.709283,-74.158154,2,Sunday,8100820
40.711867,-73.96623,92.4,15.4,2,2009-03-02 00:00:00,40.644747,-73.7822,2,Monday,5303926
40.712034,-74.178695,161.5,26.91666667,1,2013-05-09 00:00:00,40.758104,-73.973412,2,Thursday,22396776
40.712405,-73.944052,47.66,7.943333333,1,2014-09-26 00:00:00,40.74886,-73.975902,2,Friday,52678978
40.712487,-73.794885,65.2,10.86666667,1,2009-03-10 00:00:00,40.738219,-73.987648,2,Tuesday,35643252
40.71255875,-73.8427124,39.54,13.18,1,2015-04-18 00:00:00,40.74564743,-74.00578308,1,Saturday,30032562
40.712675,-74.165992,238,39.66666667,1,2012-08-19 00:00:00,40.644813,-73.781928,2,Sunday,31950093
40.712993,-73.962245,26.27,8.756666667,1,2010-09-15 00:00:00,40.731073,-73.985858,1,Wednesday,24348259
40.713157,-73.95421,30.67,10.22333333,2,2010-06-20 00:00:00,40.713157,-73.95421,1,Sunday,50888925
40.71318817,-74.01426697,43.04,14.34666667,1,2015-04-09 00:00:00,40.72418976,-73.84924316,1,Thursday,1056021
40.7134819,-74.03560638,119.5,19.91666667,1,2015-03-23 00:00:00,40.7495842,-73.98119354,2,Monday,42129799
40.71359,-74.005658,44.25,14.75,3,2009-01-26 00:00:00,40.770088,-73.863052,1,Monday,4793156
40.713693,-74.013865,45.47,15.15666667,1,2010-11-29 00:00:00,40.773075,-73.885433,1,Monday,32184465
40.71379089,-74.01416779,109.08,18.18,1,2015-05-06 00:00:00,40.76957321,-73.86328125,2,Wednesday,46769670
40.713963,-74.014448,162.99,18.11,2,2013-11-06 00:00:00,40.773748,-73.871068,3,Wednesday,10950214
40.713987,-74.039192,120.5,20.08333333,1,2013-09-27 00:00:00,40.741118,-73.986348,2,Friday,41426585
40.714031,-74.007817,6.7,2.233333333,1,2009-02-20 00:00:00,40.704527,-74.009334,1,Friday,37077985
40.714422,-74.01394,53.83,17.94333333,1,2013-09-30 00:00:00,40.770587,-73.865262,1,Monday,38696424
40.714467,-74.015678,131.55,14.61666667,5,2009-03-24 00:00:00,40.76987,-73.861643,3,Tuesday,26171276
40.714628,-73.939617,21.07,7.023333333,3,2010-05-16 00:00:00,40.754572,-73.97811,1,Sunday,28541099
40.71467972,-73.88502502,29.66,9.886666667,1,2015-02-22 00:00:00,40.74132538,-73.95213318,1,Sunday,7690541
40.714684,-73.950202,18.35,6.116666667,1,2009-01-29 00:00:00,40.753477,-73.972189,1,Thursday,13913642
40.714818,-74.013862,20.83,6.943333333,1,2013-04-09 00:00:00,40.670634,-73.988428,1,Tuesday,50738790
40.714862,-73.964937,62.1,6.9,1,2009-03-17 00:00:00,40.774066,-73.874494,3,Tuesday,46498345
40.715021,-74.015964,40.35,13.45,4,2009-02-26 00:00:00,40.774027,-73.872913,1,Thursday,13886258
40.715067,-74.034402,77.25,8.583333333,1,2013-02-05 00:00:00,40.730697,-74.008917,3,Tuesday,40951908
40.715093,-73.851701,75.21,8.356666667,1,2010-01-17 00:00:00,40.741867,-73.981062,3,Sunday,34269475
40.715099,-73.942758,25.33,8.443333333,2,2014-07-17 00:00:00,40.745838,-73.988468,1,Thursday,2200730
40.715328,-74.009218,38.27,12.75666667,5,2010-08-31 00:00:00,40.768837,-73.862768,1,Tuesday,37623278
40.715442,-73.694682,225.99,25.11,1,2013-06-06 00:00:00,40.748625,-73.989417,3,Thursday,27029403
40.71628,-73.991738,195.6,21.73333333,1,2010-08-11 00:00:00,40.71628,-73.991738,3,Wednesday,43102135
40.71644974,-74.32000732,572.49,63.61,1,2015-04-04 00:00:00,40.64463043,-73.78174591,3,Saturday,21510654
40.716782,-74.044235,55.25,18.41666667,1,2013-10-02 00:00:00,40.73789,-73.992112,1,Wednesday,25942227
40.716982,-74.014627,26.2,4.366666667,1,2009-03-26 00:00:00,40.750051,-73.991244,2,Thursday,46629061
40.717039,-73.943084,39.9,6.65,2,2009-01-09 00:00:00,40.750145,-73.99882,2,Friday,7207070
40.717398,-74.010651,8.6,1.433333333,1,2009-03-05 00:00:00,40.72049,-74.010206,2,Thursday,49646005
40.717559,-74.005493,16.6,2.766666667,1,2009-02-26 00:00:00,40.737315,-73.987683,2,Thursday,38229073
40.71769,-73.80366,109.8,12.2,1,2011-04-15 00:00:00,40.783023,-73.948035,3,Friday,10375640
40.71783,-73.994017,36.6,6.1,1,2009-07-19 00:00:00,40.75813,-73.977595,2,Sunday,6439174
40.71791458,-73.94321442,21.54,7.18,4,2015-05-07 00:00:00,40.74206161,-73.97470856,1,Thursday,45147567
40.718474,-73.990896,18.2,3.033333333,1,2009-04-10 00:00:00,40.713816,-73.961761,2,Friday,33873981
40.719432,-74.041915,294,32.66666667,1,2011-04-27 00:00:00,40.719432,-74.041915,3,Wednesday,47148049
40.71949,-73.835874,34.83,11.61,2,2014-08-23 00:00:00,40.75583,-73.983449,1,Saturday,25731766
40.719968,-74.010217,62.14,10.35666667,1,2010-09-16 00:00:00,40.74158,-74.00101,2,Thursday,15601343
40.720065,-73.839958,53.4,8.9,5,2009-04-05 00:00:00,40.746362,-73.97923,2,Sunday,39632989
40.720952,-74.004485,156.99,17.44333333,1,2014-04-24 00:00:00,40.769076,-73.862925,3,Thursday,17760944
40.720998,-73.805688,64.54,10.75666667,1,2010-10-27 00:00:00,40.758503,-73.992248,2,Wednesday,37136754
40.721313,-73.987924,23.8,3.966666667,1,2009-01-14 00:00:00,40.703362,-74.011722,2,Wednesday,15295847
40.721344,-73.997252,0.11,0.036666667,1,2010-03-07 00:00:00,40.721345,-73.997221,1,Sunday,46581076
40.721518,-73.786475,233.1,25.9,2,2010-02-20 00:00:00,40.766838,-73.98648,3,Saturday,26318341
40.721576,-73.983641,31.87,10.62333333,1,2010-11-30 00:00:00,40.773984,-73.87463,1,Tuesday,51563768
40.721692,-73.994659,34.2,5.7,3,2009-03-10 00:00:00,40.764655,-73.981318,2,Tuesday,5631671
